t,h,dx,dy,X,Y,FPS
0.2926,20.00,0.00,0.00,0.00,0.00,0
0.7619,20.00,0.80,0.27,0.80,0.27,0
0.7712,20.00,0.00,0.00,0.80,0.27,1
0.7796,20.00,0.00,0.00,0.80,0.27,2
0.7884,20.00,0.00,0.00,0.80,0.27,3
0.7976,20.00,0.00,0.00,0.80,0.27,4
0.8137,20.00,0.00,0.00,0.80,0.27,5
0.8237,20.00,0.00,0.00,0.80,0.27,6
0.8318,20.00,0.00,0.00,0.80,0.27,7
0.8411,20.00,0.00,0.00,0.80,0.27,8
0.8583,20.00,0.00,0.00,0.80,0.27,8
0.8674,20.00,0.00,0.00,0.80,0.27,9
0.8760,20.00,0.00,0.00,0.80,0.27,10
0.8874,20.00,0.00,0.00,0.80,0.27,11
0.9002,20.00,0.00,0.00,0.80,0.27,12
0.9148,20.00,0.00,0.00,0.80,0.27,12
0.9252,20.00,0.00,0.00,0.80,0.27,13
0.9462,20.00,0.00,0.00,0.80,0.27,13
0.9540,20.00,0.00,0.00,0.80,0.27,15
0.9648,20.00,0.00,0.00,0.80,0.27,15
0.9831,20.00,0.00,0.00,0.80,0.27,16
0.9946,20.00,0.00,0.00,0.80,0.27,16
1.0032,20.00,0.00,0.00,0.80,0.27,17
1.0928,20.00,0.00,0.00,0.80,0.27,17
1.1036,20.00,0.00,0.00,0.80,0.27,18
1.1112,20.00,0.00,0.00,0.80,0.27,19
1.1189,20.00,0.00,0.00,0.80,0.27,20
1.1671,20.00,0.00,0.00,0.80,0.27,20
1.1776,20.00,0.00,0.00,0.80,0.27,21
1.1922,20.00,0.00,0.00,0.80,0.27,22
1.2032,20.00,0.00,0.00,0.80,0.27,22
1.2126,20.00,0.00,0.00,0.80,0.27,23
1.2253,20.00,0.00,0.00,0.80,0.27,24
1.2412,20.00,0.00,0.00,0.80,0.27,24
1.2511,20.00,0.00,0.00,0.80,0.27,25
1.2619,20.00,0.00,0.00,0.80,0.27,25
1.2768,20.00,0.00,0.00,0.80,0.27,26
1.2875,20.00,0.00,0.00,0.80,0.27,27
1.2972,20.00,0.00,0.00,0.80,0.27,27
1.3055,20.00,0.00,0.00,0.80,0.27,28
1.3151,20.00,0.00,0.00,0.80,0.27,29
1.3257,20.00,0.00,0.00,0.80,0.27,30
1.3383,20.00,0.00,0.00,0.80,0.27,30
1.3482,20.00,0.00,0.00,0.80,0.27,31
1.3634,20.00,0.00,0.00,0.80,0.27,31
1.3712,20.00,0.00,0.00,0.80,0.27,32
1.4501,20.00,0.00,0.00,0.80,0.27,32
1.4579,20.00,0.00,0.00,0.80,0.27,33
1.4692,20.00,0.00,0.00,0.80,0.27,33
1.4789,20.00,0.00,0.00,0.80,0.27,34
1.4904,20.00,0.00,0.00,0.80,0.27,35
1.5023,20.00,0.00,0.00,0.80,0.27,35
1.5152,20.00,0.00,0.00,0.80,0.27,36
1.5381,20.00,0.00,0.00,0.80,0.27,36
1.5547,20.00,0.00,0.00,0.80,0.27,36
1.5714,20.00,0.00,0.00,0.80,0.27,36
1.6017,20.00,0.00,0.00,0.80,0.27,36
1.6119,20.00,0.00,0.00,0.80,0.27,37
1.6216,20.00,0.00,0.00,0.80,0.27,37
1.6430,20.00,0.00,0.00,0.80,0.27,37
1.6531,20.00,0.00,0.00,0.80,0.27,38
1.6651,20.00,0.00,0.00,0.80,0.27,39
1.7992,20.00,0.00,0.00,0.80,0.27,38
1.8068,20.00,0.00,0.00,0.80,0.27,39
1.8185,20.00,0.00,0.00,0.80,0.27,40
1.8305,20.00,0.00,0.00,0.80,0.27,40
1.8402,20.00,0.00,0.00,0.80,0.27,41
1.8504,20.00,0.00,0.00,0.80,0.27,41
1.8629,20.00,0.00,0.00,0.80,0.27,42
1.8721,20.00,0.00,0.00,0.80,0.27,42
1.8862,20.00,0.00,0.00,0.80,0.27,43
1.8981,20.00,0.00,0.00,0.80,0.27,43
1.9099,20.00,0.00,0.00,0.80,0.27,43
1.9224,20.00,0.00,0.00,0.80,0.27,44
1.9639,20.00,0.00,0.00,0.80,0.27,44
1.9713,20.00,0.00,0.00,0.80,0.27,44
1.9819,20.00,0.00,0.00,0.80,0.27,45
2.0018,20.00,0.00,0.00,0.80,0.27,45
2.0124,20.00,0.00,0.00,0.80,0.27,45
2.0264,20.00,0.00,0.00,0.80,0.27,46
2.1050,20.00,0.00,0.00,0.80,0.27,45
2.1155,20.00,0.00,0.00,0.80,0.27,46
2.1302,20.00,0.00,0.00,0.80,0.27,46
2.1421,20.00,0.00,0.00,0.80,0.27,46
2.1572,20.00,0.00,0.00,0.80,0.27,47
2.1691,20.00,0.00,0.00,0.80,0.27,47
2.1869,20.00,0.00,0.00,0.80,0.27,47
2.2026,20.00,0.00,0.00,0.80,0.27,47
2.2220,20.00,0.00,0.00,0.80,0.27,47
2.2343,20.00,0.00,0.00,0.80,0.27,48
2.2474,20.00,0.00,0.00,0.80,0.27,48
2.2758,20.00,0.00,0.00,0.80,0.27,48
2.3078,20.00,0.00,0.00,0.80,0.27,48
2.3216,20.00,0.00,0.00,0.80,0.27,48
2.4093,20.00,0.00,0.00,0.80,0.27,48
2.4190,20.00,0.00,0.00,0.80,0.27,48
2.4297,20.00,0.00,0.00,0.80,0.27,48
2.4392,20.00,0.00,0.00,0.80,0.27,49
2.4606,20.00,0.00,0.00,0.80,0.27,49
2.4720,20.00,0.00,0.00,0.80,0.27,49
2.4931,20.00,0.00,0.00,0.80,0.27,49
2.5071,20.00,0.00,0.00,0.80,0.27,50
2.5221,20.00,0.00,0.00,0.80,0.27,50
2.5348,20.00,0.00,0.00,0.80,0.27,50
2.5462,20.00,0.00,0.00,0.80,0.27,50
2.5532,20.00,0.00,0.00,0.80,0.27,51
2.5626,20.00,0.00,0.00,0.80,0.27,52
2.5796,20.00,0.00,0.00,0.80,0.27,52
2.5870,20.00,0.00,0.00,0.80,0.27,53
2.6063,20.00,0.00,0.00,0.80,0.27,53
2.6206,20.00,0.00,0.00,0.80,0.27,53
2.6317,20.00,0.00,0.00,0.80,0.27,53
2.6518,20.00,0.00,0.00,0.80,0.27,53
2.6627,20.00,0.00,0.00,0.80,0.27,54
2.6787,20.00,0.00,0.00,0.80,0.27,54
2.6987,20.00,0.00,0.00,0.80,0.27,54
2.7132,20.00,0.00,0.00,0.80,0.27,54
2.7293,20.00,0.00,0.00,0.80,0.27,54
2.7407,20.00,0.00,0.00,0.80,0.27,54
2.7540,20.00,0.00,0.00,0.80,0.27,54
2.7738,20.00,0.00,0.00,0.80,0.27,54
2.7910,20.00,0.00,0.00,0.80,0.27,54
2.8107,20.00,0.00,0.00,0.80,0.27,54
2.8220,20.00,0.00,0.00,0.80,0.27,55
2.8298,20.00,0.00,0.00,0.80,0.27,55
2.8433,20.00,0.00,0.00,0.80,0.27,56
2.8548,20.00,0.00,0.00,0.80,0.27,56
2.8633,20.00,0.00,0.00,0.80,0.27,57
2.9273,20.00,0.00,0.00,0.80,0.27,56
2.9375,20.00,0.00,0.00,0.80,0.27,57
2.9498,20.00,0.00,0.00,0.80,0.27,57
2.9700,20.00,0.00,0.00,0.80,0.27,57
2.9866,20.00,0.00,0.00,0.80,0.27,57
2.9997,20.00,0.00,0.00,0.80,0.27,57
3.0124,20.00,0.00,0.00,0.80,0.27,57
3.0364,20.00,0.00,0.00,0.80,0.27,57
3.0592,20.00,0.00,0.00,0.80,0.27,57
3.0671,20.00,0.00,0.00,0.80,0.27,58
3.0748,20.00,0.00,0.00,0.80,0.27,58
3.0841,20.00,0.00,0.00,0.80,0.27,59
3.1069,20.00,0.00,0.00,0.80,0.27,59
3.1184,20.00,0.00,0.00,0.80,0.27,59
3.1380,20.00,0.00,0.00,0.80,0.27,59
3.1461,20.00,0.00,0.00,0.80,0.27,59
3.1577,20.00,0.00,0.00,0.80,0.27,60
3.2570,20.00,0.00,0.00,0.80,0.27,59
3.2642,20.00,0.00,0.00,0.80,0.27,60
3.2785,20.00,0.00,0.00,0.80,0.27,60
3.2902,20.00,0.00,0.00,0.80,0.27,60
3.3048,20.00,0.00,0.00,0.80,0.27,60
3.3238,20.00,0.00,0.00,0.80,0.27,60
3.3429,20.00,0.00,0.00,0.80,0.27,60
3.4151,20.00,0.00,0.00,0.80,0.27,60
3.4231,20.00,0.00,0.00,0.80,0.27,60
3.4411,20.00,0.00,0.00,0.80,0.27,60
3.4521,20.00,0.00,0.00,0.80,0.27,61
3.5361,20.00,0.00,0.00,0.80,0.27,60
3.5464,20.00,0.00,0.00,0.80,0.27,61
3.5638,20.00,0.00,0.00,0.80,0.27,61
3.5713,20.00,0.00,0.00,0.80,0.27,61
3.6503,20.00,0.00,0.00,0.80,0.27,61
3.6588,20.00,0.00,0.00,0.80,0.27,61
3.7688,20.00,0.00,0.00,0.80,0.27,61
3.7838,20.00,0.00,0.00,0.80,0.27,61
3.8100,20.00,0.00,0.00,0.80,0.27,61
3.8470,20.00,0.00,0.00,0.80,0.27,60
3.9290,20.00,0.00,0.00,0.80,0.27,60
3.9708,20.00,0.00,0.00,0.80,0.27,59
4.0106,20.00,0.00,0.00,0.80,0.27,59
4.0345,20.00,0.00,0.00,0.80,0.27,59
4.0495,20.00,0.00,0.00,0.80,0.27,59
4.0613,20.00,0.00,0.00,0.80,0.27,59
4.0764,20.00,0.00,0.00,0.80,0.27,59
4.0953,20.00,0.00,0.00,0.80,0.27,59
4.1066,20.00,0.00,0.00,0.80,0.27,59
4.1167,20.00,0.00,0.00,0.80,0.27,60
4.1949,20.00,0.00,0.00,0.80,0.27,59
4.2021,20.00,0.00,0.00,0.80,0.27,60
4.2117,20.00,0.00,0.00,0.80,0.27,61
4.2228,20.00,0.00,0.00,0.80,0.27,61
4.2434,20.00,0.00,0.00,0.80,0.27,61
4.2554,20.00,0.00,0.00,0.80,0.27,61
4.2699,20.00,0.00,0.00,0.80,0.27,61
4.2833,20.00,0.00,0.00,0.80,0.27,61
4.2956,20.00,0.00,0.00,0.80,0.27,61
4.3074,20.00,0.00,0.00,0.80,0.27,62
4.3253,20.00,0.00,0.00,0.80,0.27,62
4.3343,20.00,0.00,0.00,0.80,0.27,62
4.3487,20.00,0.00,0.00,0.80,0.27,62
4.3620,20.00,0.00,0.00,0.80,0.27,62
4.3762,20.00,0.00,0.00,0.80,0.27,62
4.3845,20.00,0.00,0.00,0.80,0.27,63
4.3959,20.00,0.00,0.00,0.80,0.27,63
4.4130,20.00,0.00,0.00,0.80,0.27,63
4.4216,20.00,0.00,0.00,0.80,0.27,64
4.4324,20.00,0.00,0.00,0.80,0.27,64
4.4431,20.00,0.00,0.00,0.80,0.27,64
4.4705,20.00,0.00,0.00,0.80,0.27,64
4.5719,20.00,0.00,0.00,0.80,0.27,63
4.5800,20.00,0.00,0.00,0.80,0.27,64
4.5999,20.00,0.00,0.00,0.80,0.27,64
4.6274,20.00,0.00,0.00,0.80,0.27,64
4.6455,20.00,0.00,0.00,0.80,0.27,63
4.6621,20.00,0.00,0.00,0.80,0.27,63
4.6731,20.00,0.00,0.00,0.80,0.27,64
4.6915,20.00,0.00,0.00,0.80,0.27,64
4.7040,20.00,0.00,0.00,0.80,0.27,64
4.7277,20.00,0.00,0.00,0.80,0.27,64
4.7378,20.00,0.00,0.00,0.80,0.27,64
4.7573,20.00,0.00,0.00,0.80,0.27,64
4.7660,20.00,0.00,0.00,0.80,0.27,64
4.7851,20.00,0.00,0.00,0.80,0.27,64
4.7932,20.00,0.00,0.00,0.80,0.27,65
4.8023,20.00,0.00,0.00,0.80,0.27,65
4.8162,20.00,0.00,0.00,0.80,0.27,65
4.8261,20.00,0.00,0.00,0.80,0.27,66
4.8433,20.00,0.00,0.00,0.80,0.27,66
4.8539,20.00,0.00,0.00,0.80,0.27,66
4.8644,20.00,0.00,0.00,0.80,0.27,66
4.8787,20.00,0.00,0.00,0.80,0.27,66
4.8931,20.00,0.00,0.00,0.80,0.27,66
4.9012,20.00,0.00,0.00,0.80,0.27,67
5.0103,20.00,0.00,0.00,0.80,0.27,66
5.0192,20.00,0.00,0.00,0.80,0.27,67
5.0282,20.00,0.00,0.00,0.80,0.27,67
5.0542,20.00,0.00,0.00,0.80,0.27,67
5.0645,20.00,0.00,0.00,0.80,0.27,67
5.0758,20.00,0.00,0.00,0.80,0.27,67
5.0910,20.00,0.00,0.00,0.80,0.27,67
5.1019,20.00,0.00,0.00,0.80,0.27,67
5.1117,20.00,0.00,0.00,0.80,0.27,68
5.1216,20.00,0.00,0.00,0.80,0.27,68
5.1350,20.00,0.00,0.00,0.80,0.27,68
5.1466,20.00,0.00,0.00,0.80,0.27,68
5.1576,20.00,0.00,0.00,0.80,0.27,69
5.1689,20.00,0.00,0.00,0.80,0.27,69
5.1879,20.00,0.00,0.00,0.80,0.27,69
5.2052,20.00,0.00,0.00,0.80,0.27,69
5.2162,20.00,0.00,0.00,0.80,0.27,69
5.2317,20.00,0.00,0.00,0.80,0.27,69
5.2449,20.00,0.00,0.00,0.80,0.27,69
5.2536,20.00,0.00,0.00,0.80,0.27,69
5.2721,20.00,0.00,0.00,0.80,0.27,69
5.2845,20.00,0.00,0.00,0.80,0.27,69
5.2923,20.00,0.00,0.00,0.80,0.27,70
5.3025,20.00,0.00,0.00,0.80,0.27,70
5.3262,20.00,0.00,0.00,0.80,0.27,70
5.3449,20.00,0.00,0.00,0.80,0.27,70
5.3539,20.00,0.00,0.00,0.80,0.27,70
5.3678,20.00,0.00,0.00,0.80,0.27,70
5.4182,20.00,0.00,0.00,0.80,0.27,69
5.4264,20.00,0.00,0.00,0.80,0.27,70
5.4362,20.00,0.00,0.00,0.80,0.27,70
5.5472,20.00,0.00,0.00,0.80,0.27,70
5.5551,20.00,0.00,0.00,0.80,0.27,70
5.5698,20.00,0.00,0.00,0.80,0.27,70
5.5818,20.00,0.00,0.00,0.80,0.27,70
5.5901,20.00,0.00,0.00,0.80,0.27,71
5.5993,20.00,0.00,0.00,0.80,0.27,71
5.6161,20.00,0.00,0.00,0.80,0.27,71
5.6238,20.00,0.00,0.00,0.80,0.27,72
5.6402,20.00,0.00,0.00,0.80,0.27,72
5.6524,20.00,0.00,0.00,0.80,0.27,72
5.6695,20.00,0.00,0.00,0.80,0.27,72
5.6862,20.00,0.00,0.00,0.80,0.27,71
5.7061,20.00,0.00,0.00,0.80,0.27,71
5.7338,20.00,0.00,0.00,0.80,0.27,71
5.7479,20.00,0.00,0.00,0.80,0.27,71
5.7578,20.00,0.00,0.00,0.80,0.27,71
5.7762,20.00,0.00,0.00,0.80,0.27,71
5.7862,20.00,0.00,0.00,0.80,0.27,71
5.7967,20.00,0.00,0.00,0.80,0.27,71
5.8213,20.00,0.00,0.00,0.80,0.27,71
5.8418,20.00,0.00,0.00,0.80,0.27,71
5.8925,20.00,0.00,0.00,0.80,0.27,70
5.9112,20.00,0.00,0.00,0.80,0.27,70
5.9275,20.00,0.00,0.00,0.80,0.27,70
5.9377,20.00,0.00,0.00,0.80,0.27,70
5.9496,20.00,0.00,0.00,0.80,0.27,71
5.9604,20.00,0.00,0.00,0.80,0.27,71
5.9712,20.00,0.00,0.00,0.80,0.27,71
5.9856,20.00,0.00,0.00,0.80,0.27,71
5.9972,20.00,0.00,0.00,0.80,0.27,71
6.0076,20.00,0.00,0.00,0.80,0.27,71
6.0740,20.00,0.00,0.00,0.80,0.27,71
6.0832,20.00,0.00,0.00,0.80,0.27,71
6.1003,20.00,0.00,0.00,0.80,0.27,71
6.1164,20.00,0.00,0.00,0.80,0.27,71
6.1320,20.00,0.00,0.00,0.80,0.27,71
6.1485,20.00,0.00,0.00,0.80,0.27,71
6.1582,20.00,0.00,0.00,0.80,0.27,71
6.1802,20.00,0.00,0.00,0.80,0.27,71
6.1982,20.00,0.00,0.00,0.80,0.27,71
6.2127,20.00,0.00,0.00,0.80,0.27,71
6.2234,20.00,0.00,0.00,0.80,0.27,71
6.2373,20.00,0.00,0.00,0.80,0.27,71
6.2518,20.00,0.00,0.00,0.80,0.27,71
6.2624,20.00,0.00,0.00,0.80,0.27,71
6.3363,20.00,0.00,0.00,0.80,0.27,70
6.3446,20.00,0.00,0.00,0.80,0.27,71
6.3549,20.00,0.00,0.00,0.80,0.27,71
6.3669,20.00,0.00,0.00,0.80,0.27,71
6.3747,20.00,0.00,0.00,0.80,0.27,72
6.3949,20.00,0.00,0.00,0.80,0.27,72
6.4099,20.00,0.00,0.00,0.80,0.27,72
6.4181,20.00,0.00,0.00,0.80,0.27,72
6.4331,20.00,0.00,0.00,0.80,0.27,72
6.4442,20.00,0.00,0.00,0.80,0.27,72
6.4594,20.00,0.00,0.00,0.80,0.27,72
6.4705,20.00,0.00,0.00,0.80,0.27,72
6.4811,20.00,0.00,0.00,0.80,0.27,73
6.4988,20.00,0.00,0.00,0.80,0.27,72
6.5228,20.00,0.00,0.00,0.80,0.27,72
6.6199,20.00,0.00,0.00,0.80,0.27,71
6.6277,20.00,0.00,0.00,0.80,0.27,72
6.6370,20.00,0.00,0.00,0.80,0.27,72
6.6476,20.00,0.00,0.00,0.80,0.27,73
6.6598,20.00,0.00,0.00,0.80,0.27,73
6.6693,20.00,0.00,0.00,0.80,0.27,73
6.6912,20.00,0.00,0.00,0.80,0.27,73
6.7008,20.00,0.00,0.00,0.80,0.27,73
6.7201,20.00,0.00,0.00,0.80,0.27,73
6.7384,20.00,0.00,0.00,0.80,0.27,73
6.7478,20.00,0.00,0.00,0.80,0.27,73
6.7643,20.00,0.00,0.00,0.80,0.27,73
6.7750,20.00,0.00,0.00,0.80,0.27,73
6.8563,20.00,0.00,0.00,0.80,0.27,72
6.8646,20.00,0.00,0.00,0.80,0.27,73
6.9582,20.00,0.00,0.00,0.80,0.27,72
6.9662,20.00,0.00,0.00,0.80,0.27,73
6.9760,20.00,0.00,0.00,0.80,0.27,73
6.9971,20.00,0.00,0.00,0.80,0.27,73
7.0072,20.00,0.00,0.00,0.80,0.27,73
7.0276,20.00,0.00,0.00,0.80,0.27,73
7.0356,20.00,0.00,0.00,0.80,0.27,73
7.0518,20.00,0.00,0.00,0.80,0.27,73
7.0627,20.00,0.00,0.00,0.80,0.27,73
7.0711,20.00,0.00,0.00,0.80,0.27,74
7.0879,20.00,0.00,0.00,0.80,0.27,74
7.1035,20.00,0.00,0.00,0.80,0.27,74
7.1250,20.00,0.00,0.00,0.80,0.27,73
7.1325,20.00,0.00,0.00,0.80,0.27,74
7.1562,20.00,0.00,0.00,0.80,0.27,74
7.1656,20.00,0.00,0.00,0.80,0.27,74
7.1828,20.00,0.00,0.00,0.80,0.27,74
7.1978,20.00,0.00,0.00,0.80,0.27,74
7.2076,20.00,0.00,0.00,0.80,0.27,74
7.2214,20.00,0.00,0.00,0.80,0.27,74
7.2301,20.00,0.00,0.00,0.80,0.27,74
7.2422,20.00,0.00,0.00,0.80,0.27,74
7.2648,20.00,0.00,0.00,0.80,0.27,74
7.2723,20.00,0.00,0.00,0.80,0.27,75
7.2811,20.00,0.00,0.00,0.80,0.27,75
7.3044,20.00,0.00,0.00,0.80,0.27,75
7.3254,20.00,0.00,0.00,0.80,0.27,74
7.3352,20.00,0.00,0.00,0.80,0.27,75
7.3507,20.00,0.00,0.00,0.80,0.27,75
7.4257,20.00,0.00,0.00,0.80,0.27,74
7.4337,20.00,0.00,0.00,0.80,0.27,75
7.4439,20.00,0.00,0.00,0.80,0.27,75
7.4669,20.00,0.00,0.00,0.80,0.27,74
7.4832,20.00,0.00,0.00,0.80,0.27,74
7.4970,20.00,0.00,0.00,0.80,0.27,74
7.5076,20.00,0.00,0.00,0.80,0.27,74
7.5256,20.00,0.00,0.00,0.80,0.27,74
7.5429,20.00,0.00,0.00,0.80,0.27,74
7.5522,20.00,0.00,0.00,0.80,0.27,74
7.5687,20.00,0.00,0.00,0.80,0.27,74
7.5847,20.00,0.00,0.00,0.80,0.27,74
7.6011,20.00,0.00,0.00,0.80,0.27,74
7.6120,20.00,0.00,0.00,0.80,0.27,74
7.6238,20.00,0.00,0.00,0.80,0.27,74
7.6336,20.00,0.00,0.00,0.80,0.27,75
7.6462,20.00,0.00,0.00,0.80,0.27,75
7.6638,20.00,0.00,0.00,0.80,0.27,74
7.6712,20.00,0.00,0.00,0.80,0.27,75
7.6841,20.00,0.00,0.00,0.80,0.27,75
7.6952,20.00,0.00,0.00,0.80,0.27,75
7.7106,20.00,0.00,0.00,0.80,0.27,75
7.7199,20.00,0.00,0.00,0.80,0.27,75
7.7370,20.00,0.00,0.00,0.80,0.27,75
7.7516,20.00,0.00,0.00,0.80,0.27,75
7.7687,20.00,0.00,0.00,0.80,0.27,75
7.7881,20.00,0.00,0.00,0.80,0.27,75
7.7998,20.00,0.00,0.00,0.80,0.27,75
7.8180,20.00,0.00,0.00,0.80,0.27,75
7.8361,20.00,0.00,0.00,0.80,0.27,74
7.8467,20.00,0.00,0.00,0.80,0.27,75
7.8551,20.00,0.00,0.00,0.80,0.27,75
7.8678,20.00,0.00,0.00,0.80,0.27,75
7.8800,20.00,0.00,0.00,0.80,0.27,75
7.8910,20.00,0.00,0.00,0.80,0.27,75
7.8995,20.00,0.00,0.00,0.80,0.27,76
7.9100,20.00,0.00,0.00,0.80,0.27,76
7.9219,20.00,0.00,0.00,0.80,0.27,76
7.9343,20.00,0.00,0.00,0.80,0.27,76
7.9432,20.00,0.00,0.00,0.80,0.27,76
7.9547,20.00,0.00,0.00,0.80,0.27,77
7.9670,20.00,0.00,0.00,0.80,0.27,77
7.9826,20.00,0.00,0.00,0.80,0.27,76
8.0506,20.00,0.00,0.00,0.80,0.27,76
8.0650,20.00,0.00,0.00,0.80,0.27,76
8.0757,20.00,0.00,0.00,0.80,0.27,76
8.0853,20.00,0.00,0.00,0.80,0.27,76
8.0935,20.00,0.00,0.00,0.80,0.27,77
8.1029,20.00,0.00,0.00,0.80,0.27,77
8.1205,20.00,0.00,0.00,0.80,0.27,77
8.1347,20.00,0.00,0.00,0.80,0.27,77
8.1550,20.00,0.00,0.00,0.80,0.27,76
8.1646,20.00,0.00,0.00,0.80,0.27,77
8.1759,20.00,0.00,0.00,0.80,0.27,77
8.1850,20.00,0.00,0.00,0.80,0.27,77
8.2455,20.00,0.00,0.00,0.80,0.27,76
8.2539,20.00,0.00,0.00,0.80,0.27,77
8.2652,20.00,0.00,0.00,0.80,0.27,77
8.2765,20.00,0.00,0.00,0.80,0.27,77
8.2850,20.00,0.00,0.00,0.80,0.27,78
8.2937,20.00,0.00,0.00,0.80,0.27,78
8.3103,20.00,0.00,0.00,0.80,0.27,78
8.3191,20.00,0.00,0.00,0.80,0.27,78
8.3363,20.00,0.00,0.00,0.80,0.27,78
8.3505,20.00,0.00,0.00,0.80,0.27,78
8.3590,20.00,0.00,0.00,0.80,0.27,78
8.3684,20.00,0.00,0.00,0.80,0.27,78
8.3800,20.00,0.00,0.00,0.80,0.27,79
8.3900,20.00,0.00,0.00,0.80,0.27,79
8.3984,20.00,0.00,0.00,0.80,0.27,79
8.4146,20.00,0.00,0.00,0.80,0.27,79
8.4251,20.00,0.00,0.00,0.80,0.27,79
8.4383,20.00,0.00,0.00,0.80,0.27,79
8.4465,20.00,0.00,0.00,0.80,0.27,80
8.4565,20.00,0.00,0.00,0.80,0.27,80
8.4735,20.00,0.00,0.00,0.80,0.27,80
8.4864,20.00,0.00,0.00,0.80,0.27,79
8.5024,20.00,0.00,0.00,0.80,0.27,79
8.5205,20.00,0.00,0.00,0.80,0.27,79
8.5288,20.00,0.00,0.00,0.80,0.27,79
8.5480,20.00,0.00,0.00,0.80,0.27,79
8.5554,20.00,0.00,0.00,0.80,0.27,80
8.5638,20.00,0.00,0.00,0.80,0.27,80
8.5740,20.00,0.00,0.00,0.80,0.27,80
8.5843,20.00,0.00,0.00,0.80,0.27,80
8.5931,20.00,0.00,0.00,0.80,0.27,81
8.6037,20.00,0.00,0.00,0.80,0.27,81
8.6206,20.00,0.00,0.00,0.80,0.27,81
8.6349,20.00,0.00,0.00,0.80,0.27,81
8.6489,20.00,0.00,0.00,0.80,0.27,80
8.6579,20.00,0.00,0.00,0.80,0.27,81
8.7858,20.00,0.00,0.00,0.80,0.27,80
8.7930,20.00,0.00,0.00,0.80,0.27,81
8.8020,20.00,0.00,0.00,0.80,0.27,81
8.8181,20.00,0.00,0.00,0.80,0.27,81
8.8287,20.00,0.00,0.00,0.80,0.27,81
8.8416,20.00,0.00,0.00,0.80,0.27,81
8.8525,20.00,0.00,0.00,0.80,0.27,81
8.8635,20.00,0.00,0.00,0.80,0.27,81
8.8708,20.00,0.00,0.00,0.80,0.27,82
8.8815,20.00,0.00,0.00,0.80,0.27,82
8.8970,20.00,0.00,0.00,0.80,0.27,82
8.9059,20.00,0.00,0.00,0.80,0.27,82
8.9166,20.00,0.00,0.00,0.80,0.27,82
8.9260,20.00,0.00,0.00,0.80,0.27,82
8.9408,20.00,0.00,0.00,0.80,0.27,82
8.9520,20.00,0.00,0.00,0.80,0.27,82
8.9660,20.00,0.00,0.00,0.80,0.27,82
8.9756,20.00,0.00,0.00,0.80,0.27,82
8.9839,20.00,0.00,0.00,0.80,0.27,83
8.9939,20.00,0.00,0.00,0.80,0.27,83
9.0061,20.00,0.00,0.00,0.80,0.27,83
9.0148,20.00,0.00,0.00,0.80,0.27,83
9.0276,20.00,0.00,0.00,0.80,0.27,83
9.0494,20.00,0.00,0.00,0.80,0.27,83
9.0660,20.00,0.00,0.00,0.80,0.27,82
9.0820,20.00,0.00,0.00,0.80,0.27,82
9.0982,20.00,0.00,0.00,0.80,0.27,82
9.1150,20.00,0.00,0.00,0.80,0.27,82
9.1262,20.00,0.00,0.00,0.80,0.27,82
9.1411,20.00,0.00,0.00,0.80,0.27,82
9.1651,20.00,0.00,0.00,0.80,0.27,81
9.1758,20.00,0.00,0.00,0.80,0.27,81
9.1829,20.00,0.00,0.00,0.80,0.27,82
9.2886,20.00,0.00,0.00,0.80,0.27,81
9.2972,20.00,0.00,0.00,0.80,0.27,82
9.3145,20.00,0.00,0.00,0.80,0.27,81
9.3247,20.00,0.00,0.00,0.80,0.27,82
9.4483,20.00,0.00,0.00,0.80,0.27,81
9.4568,20.00,0.00,0.00,0.80,0.27,81
9.4660,20.00,0.00,0.00,0.80,0.27,81
9.4883,20.00,0.00,0.00,0.80,0.27,81
9.5033,20.00,0.00,0.00,0.80,0.27,81
9.5789,20.00,0.00,0.00,0.80,0.27,80
9.5871,20.00,0.00,0.00,0.80,0.27,81
9.5986,20.00,0.00,0.00,0.80,0.27,81
9.6100,20.00,0.00,0.00,0.80,0.27,81
9.6258,20.00,0.00,0.00,0.80,0.27,81
9.6385,20.00,0.00,0.00,0.80,0.27,81
9.6541,20.00,0.00,0.00,0.80,0.27,80
9.6728,20.00,0.00,0.00,0.80,0.27,80
9.6854,20.00,0.00,0.00,0.80,0.27,80
9.6930,20.00,0.00,0.00,0.80,0.27,81
9.7083,20.00,0.00,0.00,0.80,0.27,80
9.7233,20.00,0.00,0.00,0.80,0.27,80
9.7326,20.00,0.00,0.00,0.80,0.27,81
9.7530,20.00,0.00,0.00,0.80,0.27,80
9.7675,20.00,0.00,0.00,0.80,0.27,80
9.7879,20.00,0.00,0.00,0.80,0.27,80
9.7992,20.00,0.00,0.00,0.80,0.27,80
9.8515,20.00,0.00,0.00,0.80,0.27,79
9.8608,20.00,0.00,0.00,0.80,0.27,80
9.8713,20.00,0.00,0.00,0.80,0.27,80
9.8801,20.00,0.00,0.00,0.80,0.27,80
9.8925,20.00,0.00,0.00,0.80,0.27,80
9.9066,20.00,0.00,0.00,0.80,0.27,80
9.9177,20.00,0.00,0.00,0.80,0.27,80
9.9311,20.00,0.00,0.00,0.80,0.27,80
9.9422,20.00,0.00,0.00,0.80,0.27,80
9.9537,20.00,0.00,0.00,0.80,0.27,80
9.9672,20.00,0.00,0.00,0.80,0.27,80
9.9771,20.00,0.00,0.00,0.80,0.27,80
10.0014,20.00,0.00,0.00,0.80,0.27,80
10.0095,20.00,0.00,0.00,0.80,0.27,80
10.0213,20.00,0.00,0.00,0.80,0.27,80
10.0396,20.00,0.00,0.00,0.80,0.27,80
10.0515,20.00,0.00,0.00,0.80,0.27,80
10.0744,20.00,0.00,0.00,0.80,0.27,80
10.0832,20.00,0.00,0.00,0.80,0.27,80
10.0918,20.00,0.00,0.00,0.80,0.27,80
10.1008,20.00,0.00,0.00,0.80,0.27,81
10.1176,20.00,0.00,0.00,0.80,0.27,81
10.1411,20.00,0.00,0.00,0.80,0.27,80
10.1507,20.00,0.00,0.00,0.80,0.27,80
10.1601,20.00,0.00,0.00,0.80,0.27,81
10.1755,20.00,0.00,0.00,0.80,0.27,80
10.2378,20.00,0.00,0.00,0.80,0.27,80
10.2543,20.00,0.00,0.00,0.80,0.27,80
10.2651,20.00,0.00,0.00,0.80,0.27,80
10.2764,20.00,0.00,0.00,0.80,0.27,80
10.2856,20.00,0.00,0.00,0.80,0.27,80
10.2984,20.00,0.00,0.00,0.80,0.27,80
10.3121,20.00,0.00,0.00,0.80,0.27,80
10.3289,20.00,0.00,0.00,0.80,0.27,80
10.3419,20.00,0.00,0.00,0.80,0.27,80
10.3912,20.00,0.00,0.00,0.80,0.27,79
10.3999,20.00,0.00,0.00,0.80,0.27,80
10.4101,20.00,0.00,0.00,0.80,0.27,80
10.4227,20.00,0.00,0.00,0.80,0.27,80
10.4436,20.00,0.00,0.00,0.80,0.27,79
10.4575,20.00,0.00,0.00,0.80,0.27,79
10.4662,20.00,0.00,0.00,0.80,0.27,80
10.4844,20.00,0.00,0.00,0.80,0.27,79
10.4990,20.00,0.00,0.00,0.80,0.27,79
10.5095,20.00,0.00,0.00,0.80,0.27,79
10.5229,20.00,0.00,0.00,0.80,0.27,79
10.5387,20.00,0.00,0.00,0.80,0.27,79
10.5558,20.00,0.00,0.00,0.80,0.27,79
10.6433,20.00,0.00,0.00,0.80,0.27,78
10.6517,20.00,0.00,0.00,0.80,0.27,79
10.6644,20.00,0.00,0.00,0.80,0.27,79
10.6852,20.00,0.00,0.00,0.80,0.27,78
10.6956,20.00,0.00,0.00,0.80,0.27,79
10.7116,20.00,0.00,0.00,0.80,0.27,78
10.7219,20.00,0.00,0.00,0.80,0.27,79
10.7506,20.00,0.00,0.00,0.80,0.27,78
10.7636,20.00,0.00,0.00,0.80,0.27,78
10.7803,20.00,0.00,0.00,0.80,0.27,78
10.7884,20.00,0.00,0.00,0.80,0.27,78
10.7984,20.00,0.00,0.00,0.80,0.27,79
10.8094,20.00,0.00,0.00,0.80,0.27,79
10.8219,20.00,0.00,0.00,0.80,0.27,79
10.8300,20.00,0.00,0.00,0.80,0.27,79
10.8490,20.00,0.00,0.00,0.80,0.27,79
10.8652,20.00,0.00,0.00,0.80,0.27,79
10.8813,20.00,0.00,0.00,0.80,0.27,79
10.8909,20.00,0.00,0.00,0.80,0.27,79
10.9157,20.00,0.00,0.00,0.80,0.27,78
10.9239,20.00,0.00,0.00,0.80,0.27,79
11.0067,20.00,0.00,0.00,0.80,0.27,78
11.0149,20.00,0.00,0.00,0.80,0.27,79
11.0313,20.00,0.00,0.00,0.80,0.27,78
11.0413,20.00,0.00,0.00,0.80,0.27,79
11.0505,20.00,0.00,0.00,0.80,0.27,79
11.0587,20.00,0.00,0.00,0.80,0.27,79
11.0671,20.00,0.00,0.00,0.80,0.27,80
11.0764,20.00,0.00,0.00,0.80,0.27,80
11.0913,20.00,0.00,0.00,0.80,0.27,80
11.1093,20.00,0.00,0.00,0.80,0.27,80
11.1173,20.00,0.00,0.00,0.80,0.27,80
11.1260,20.00,0.00,0.00,0.80,0.27,80
11.1413,20.00,0.00,0.00,0.80,0.27,80
11.1549,20.00,0.00,0.00,0.80,0.27,80
11.1659,20.00,0.00,0.00,0.80,0.27,80
11.1745,20.00,0.00,0.00,0.80,0.27,81
11.1920,20.00,0.00,0.00,0.80,0.27,80
11.2033,20.00,0.00,0.00,0.80,0.27,80
11.2183,20.00,0.00,0.00,0.80,0.27,80
11.2313,20.00,0.00,0.00,0.80,0.27,80
11.2535,20.00,0.00,0.00,0.80,0.27,80
11.2628,20.00,0.00,0.00,0.80,0.27,80
11.2758,20.00,0.00,0.00,0.80,0.27,80
11.2962,20.00,0.00,0.00,0.80,0.27,80
11.3103,20.00,0.00,0.00,0.80,0.27,80
11.3235,20.00,0.00,0.00,0.80,0.27,80
11.3412,20.00,0.00,0.00,0.80,0.27,79
11.3530,20.00,0.00,0.00,0.80,0.27,80
11.3714,20.00,0.00,0.00,0.80,0.27,79
11.3858,20.00,0.00,0.00,0.80,0.27,79
11.4045,20.00,0.00,0.00,0.80,0.27,79
11.4200,20.00,0.00,0.00,0.80,0.27,79
11.4402,20.00,0.00,0.00,0.80,0.27,78
11.4586,20.00,0.00,0.00,0.80,0.27,78
11.4666,20.00,0.00,0.00,0.80,0.27,79
11.4761,20.00,0.00,0.00,0.80,0.27,79
11.4888,20.00,0.00,0.00,0.80,0.27,79
11.5060,20.00,0.00,0.00,0.80,0.27,79
11.5229,20.00,0.00,0.00,0.80,0.27,79
11.5315,20.00,0.00,0.00,0.80,0.27,79
11.5390,20.00,0.00,0.00,0.80,0.27,79
11.5500,20.00,0.00,0.00,0.80,0.27,80
11.5671,20.00,0.00,0.00,0.80,0.27,79
11.5757,20.00,0.00,0.00,0.80,0.27,80
11.5861,20.00,0.00,0.00,0.80,0.27,80
11.5985,20.00,0.00,0.00,0.80,0.27,80
11.6185,20.00,0.00,0.00,0.80,0.27,80
11.6298,20.00,0.00,0.00,0.80,0.27,80
11.6421,20.00,0.00,0.00,0.80,0.27,80
11.6512,20.00,0.00,0.00,0.80,0.27,80
11.6621,20.00,0.00,0.00,0.80,0.27,80
11.6773,20.00,0.00,0.00,0.80,0.27,80
11.6929,20.00,0.00,0.00,0.80,0.27,80
11.7019,20.00,0.00,0.00,0.80,0.27,80
11.7116,20.00,0.00,0.00,0.80,0.27,80
11.7204,20.00,0.00,0.00,0.80,0.27,81
11.7292,20.00,0.00,0.00,0.80,0.27,81
11.7446,20.00,0.00,0.00,0.80,0.27,81
11.7619,20.00,0.00,0.00,0.80,0.27,81
11.7748,20.00,0.00,0.00,0.80,0.27,80
11.7849,20.00,0.00,0.00,0.80,0.27,81
11.8048,20.00,0.00,0.00,0.80,0.27,80
11.8207,20.00,0.00,0.00,0.80,0.27,80
11.8292,20.00,0.00,0.00,0.80,0.27,81
11.8417,20.00,0.00,0.00,0.80,0.27,81
11.8524,20.00,0.00,0.00,0.80,0.27,81
11.8689,20.00,0.00,0.00,0.80,0.27,80
11.8866,20.00,0.00,0.00,0.80,0.27,80
11.9065,20.00,0.00,0.00,0.80,0.27,80
11.9182,20.00,0.00,0.00,0.80,0.27,80
11.9316,20.00,0.00,0.00,0.80,0.27,80
11.9438,20.00,0.00,0.00,0.80,0.27,80
11.9520,20.00,0.00,0.00,0.80,0.27,80
12.0797,20.00,0.00,0.00,0.80,0.27,80
12.0882,20.00,0.00,0.00,0.80,0.27,80
12.0983,20.00,0.00,0.00,0.80,0.27,80
12.1224,20.00,0.00,0.00,0.80,0.27,80
12.1324,20.00,0.00,0.00,0.80,0.27,80
12.1519,20.00,0.00,0.00,0.80,0.27,80
12.1618,20.00,0.00,0.00,0.80,0.27,80
12.1793,20.00,0.00,0.00,0.80,0.27,80
12.1918,20.00,0.00,0.00,0.80,0.27,80
12.2035,20.00,0.00,0.00,0.80,0.27,80
12.2196,20.00,0.00,0.00,0.80,0.27,80
12.2372,20.00,0.00,0.00,0.80,0.27,79
12.2581,20.00,0.00,0.00,0.80,0.27,79
12.2708,20.00,0.00,0.00,0.80,0.27,79
12.2905,20.00,0.00,0.00,0.80,0.27,79
12.3889,20.00,0.00,0.00,0.80,0.27,78
12.3971,20.00,0.00,0.00,0.80,0.27,78
12.4071,20.00,0.00,0.00,0.80,0.27,79
12.4191,20.00,0.00,0.00,0.80,0.27,79
12.4292,20.00,0.00,0.00,0.80,0.27,79
12.4396,20.00,0.00,0.00,0.80,0.27,79
12.4569,20.00,0.00,0.00,0.80,0.27,79
12.5520,20.00,0.00,0.00,0.80,0.27,78
12.5604,20.00,0.00,0.00,0.80,0.27,79
12.5715,20.00,0.00,0.00,0.80,0.27,79
12.5930,20.00,0.00,0.00,0.80,0.27,78
12.6097,20.00,0.00,0.00,0.80,0.27,78
12.6200,20.00,0.00,0.00,0.80,0.27,78
12.6384,20.00,0.00,0.00,0.80,0.27,78
12.6542,20.00,0.00,0.00,0.80,0.27,78
12.6641,20.00,0.00,0.00,0.80,0.27,78
12.6833,20.00,0.00,0.00,0.80,0.27,78
12.6938,20.00,0.00,0.00,0.80,0.27,78
12.7113,20.00,0.00,0.00,0.80,0.27,78
12.7281,20.00,0.00,0.00,0.80,0.27,78
12.7441,20.00,0.00,0.00,0.80,0.27,78
12.7560,20.00,0.00,0.00,0.80,0.27,78
12.7696,20.00,0.00,0.00,0.80,0.27,78
12.7890,20.00,0.00,0.00,0.80,0.27,77
12.8069,20.00,0.00,0.00,0.80,0.27,77
12.8273,20.00,0.00,0.00,0.80,0.27,77
12.8376,20.00,0.00,0.00,0.80,0.27,77
12.8542,20.00,0.00,0.00,0.80,0.27,77
12.8714,20.00,0.00,0.00,0.80,0.27,77
12.8851,20.00,0.00,0.00,0.80,0.27,77
12.9089,20.00,0.00,0.00,0.80,0.27,76
12.9200,20.00,0.00,0.00,0.80,0.27,76
12.9442,20.00,0.00,0.00,0.80,0.27,76
12.9531,20.00,0.00,0.00,0.80,0.27,76
12.9685,20.00,0.00,0.00,0.80,0.27,76
12.9833,20.00,0.00,0.00,0.80,0.27,76
13.0000,20.00,0.00,0.00,0.80,0.27,76
13.0127,20.00,0.00,0.00,0.80,0.27,76
13.0218,20.00,0.00,0.00,0.80,0.27,76
13.0360,20.00,0.00,0.00,0.80,0.27,76
13.0530,20.00,0.00,0.00,0.80,0.27,76
13.0617,20.00,0.00,0.00,0.80,0.27,76
13.0760,20.00,0.00,0.00,0.80,0.27,76
13.0913,20.00,0.00,0.00,0.80,0.27,76
13.1001,20.00,0.00,0.00,0.80,0.27,77
13.2073,20.00,0.00,0.00,0.80,0.27,76
13.2150,20.00,0.00,0.00,0.80,0.27,77
13.2842,20.00,0.00,0.00,0.80,0.27,76
13.2934,20.00,0.00,0.00,0.80,0.27,76
13.3037,20.00,0.00,0.00,0.80,0.27,76
13.3197,20.00,0.00,0.00,0.80,0.27,76
13.3368,20.00,0.00,0.00,0.80,0.27,76
13.3611,20.00,0.00,0.00,0.80,0.27,76
13.3831,20.00,0.00,0.00,0.80,0.27,75
13.3936,20.00,0.00,0.00,0.80,0.27,76
13.4066,20.00,0.00,0.00,0.80,0.27,76
13.4267,20.00,0.00,0.00,0.80,0.27,75
13.4373,20.00,0.00,0.00,0.80,0.27,76
13.4662,20.00,0.00,0.00,0.80,0.27,75
13.4776,20.00,0.00,0.00,0.80,0.27,75
13.4953,20.00,0.00,0.00,0.80,0.27,75
13.5109,20.00,0.00,0.00,0.80,0.27,75
13.5273,20.00,0.00,0.00,0.80,0.27,75
13.5362,20.00,0.00,0.00,0.80,0.27,75
13.5539,20.00,0.00,0.00,0.80,0.27,75
13.5702,20.00,0.00,0.00,0.80,0.27,75
13.5780,20.00,0.00,0.00,0.80,0.27,75
13.5929,20.00,0.00,0.00,0.80,0.27,75
13.6009,20.00,0.00,0.00,0.80,0.27,76
13.6079,20.00,0.00,0.00,0.80,0.27,76
13.6166,20.00,0.00,0.00,0.80,0.27,77
13.6309,20.00,0.00,0.00,0.80,0.27,77
13.6419,20.00,0.00,0.00,0.80,0.27,77
13.6567,20.00,0.00,0.00,0.80,0.27,77
13.6686,20.00,0.00,0.00,0.80,0.27,77
13.6817,20.00,0.00,0.00,0.80,0.27,77
13.6983,20.00,0.00,0.00,0.80,0.27,77
13.7133,20.00,0.00,0.00,0.80,0.27,77
13.7277,20.00,0.00,0.00,0.80,0.27,76
13.7384,20.00,0.00,0.00,0.80,0.27,77
13.7510,20.00,0.00,0.00,0.80,0.27,77
13.7625,20.00,0.00,0.00,0.80,0.27,77
13.7744,20.00,0.00,0.00,0.80,0.27,77
13.7854,20.00,0.00,0.00,0.80,0.27,77
13.7977,20.00,0.00,0.00,0.80,0.27,77
13.8085,20.00,0.00,0.00,0.80,0.27,77
13.8238,20.00,0.00,0.00,0.80,0.27,77
13.8408,20.00,0.00,0.00,0.80,0.27,77
13.8497,20.00,0.00,0.00,0.80,0.27,77
13.8613,20.00,0.00,0.00,0.80,0.27,77
13.9202,20.00,0.00,0.00,0.80,0.27,77
13.9287,20.00,0.00,0.00,0.80,0.27,77
13.9463,20.00,0.00,0.00,0.80,0.27,77
13.9559,20.00,0.00,0.00,0.80,0.27,77
13.9714,20.00,0.00,0.00,0.80,0.27,77
13.9860,20.00,0.00,0.00,0.80,0.27,77
14.0060,20.00,0.00,0.00,0.80,0.27,77
14.0169,20.00,0.00,0.00,0.80,0.27,77
14.0268,20.00,0.00,0.00,0.80,0.27,77
14.0395,20.00,0.00,0.00,0.80,0.27,77
14.0578,20.00,0.00,0.00,0.80,0.27,77
14.0735,20.00,0.00,0.00,0.80,0.27,77
14.0873,20.00,0.00,0.00,0.80,0.27,77
14.0953,20.00,0.00,0.00,0.80,0.27,77
14.1057,20.00,0.00,0.00,0.80,0.27,77
14.1236,20.00,0.00,0.00,0.80,0.27,77
14.1330,20.00,0.00,0.00,0.80,0.27,77
14.1490,20.00,0.00,0.00,0.80,0.27,77
14.1669,20.00,0.00,0.00,0.80,0.27,77
14.1747,20.00,0.00,0.00,0.80,0.27,77
14.1832,20.00,0.00,0.00,0.80,0.27,78
14.1921,20.00,0.00,0.00,0.80,0.27,78
14.3123,20.00,0.00,0.00,0.80,0.27,78
14.3207,20.00,0.00,0.00,0.80,0.27,78
14.3395,20.00,0.00,0.00,0.80,0.27,78
14.3585,20.00,0.00,0.00,0.80,0.27,77
14.3687,20.00,0.00,0.00,0.80,0.27,78
14.3770,20.00,0.00,0.00,0.80,0.27,78
14.3884,20.00,0.00,0.00,0.80,0.27,78
14.3986,20.00,0.00,0.00,0.80,0.27,78
14.4182,20.00,0.00,0.00,0.80,0.27,78
14.4256,20.00,0.00,0.00,0.80,0.27,79
14.4338,20.00,0.00,0.00,0.80,0.27,79
14.4430,20.00,0.00,0.00,0.80,0.27,79
14.4534,20.00,0.00,0.00,0.80,0.27,80
14.4680,20.00,0.00,0.00,0.80,0.27,79
14.4766,20.00,0.00,0.00,0.80,0.27,80
14.4943,20.00,0.00,0.00,0.80,0.27,80
14.5088,20.00,0.00,0.00,0.80,0.27,79
14.5258,20.00,0.00,0.00,0.80,0.27,79
14.5348,20.00,0.00,0.00,0.80,0.27,80
14.5515,20.00,0.00,0.00,0.80,0.27,79
14.5589,20.00,0.00,0.00,0.80,0.27,80
14.5709,20.00,0.00,0.00,0.80,0.27,80
14.5895,20.00,0.00,0.00,0.80,0.27,80
14.5989,20.00,0.00,0.00,0.80,0.27,80
14.6114,20.00,0.00,0.00,0.80,0.27,80
14.6202,20.00,0.00,0.00,0.80,0.27,80
14.6338,20.00,0.00,0.00,0.80,0.27,80
14.6937,20.00,0.00,0.00,0.80,0.27,80
14.7025,20.00,0.00,0.00,0.80,0.27,80
14.7125,20.00,0.00,0.00,0.80,0.27,80
14.7229,20.00,0.00,0.00,0.80,0.27,80
14.7347,20.00,0.00,0.00,0.80,0.27,80
14.7434,20.00,0.00,0.00,0.80,0.27,81
14.7589,20.00,0.00,0.00,0.80,0.27,80
14.7701,20.00,0.00,0.00,0.80,0.27,80
14.7786,20.00,0.00,0.00,0.80,0.27,81
14.7912,20.00,0.00,0.00,0.80,0.27,81
14.8025,20.00,0.00,0.00,0.80,0.27,81
14.8183,20.00,0.00,0.00,0.80,0.27,81
14.8353,20.00,0.00,0.00,0.80,0.27,81
14.8483,20.00,0.00,0.00,0.80,0.27,80
14.8577,20.00,0.00,0.00,0.80,0.27,81
14.8681,20.00,0.00,0.00,0.80,0.27,81
14.8781,20.00,0.00,0.00,0.80,0.27,81
14.8927,20.00,0.00,0.00,0.80,0.27,81
14.9021,20.00,0.00,0.00,0.80,0.27,81
14.9120,20.00,0.00,0.00,0.80,0.27,81
14.9234,20.00,0.00,0.00,0.80,0.27,81
14.9356,20.00,0.00,0.00,0.80,0.27,81
14.9454,20.00,0.00,0.00,0.80,0.27,82
14.9573,20.00,0.00,0.00,0.80,0.27,82
14.9680,20.00,0.00,0.00,0.80,0.27,82
14.9771,20.00,0.00,0.00,0.80,0.27,82
14.9988,20.00,0.00,0.00,0.80,0.27,82
15.0144,20.00,0.00,0.00,0.80,0.27,82
15.0234,20.00,0.00,0.00,0.80,0.27,82
15.0651,20.00,0.00,0.00,0.80,0.27,81
15.0740,20.00,0.00,0.00,0.80,0.27,82
15.0972,20.00,0.00,0.00,0.80,0.27,81
15.1066,20.00,0.00,0.00,0.80,0.27,81
15.1180,20.00,0.00,0.00,0.80,0.27,81
15.1287,20.00,0.00,0.00,0.80,0.27,82
15.1378,20.00,0.00,0.00,0.80,0.27,82
15.1588,20.00,0.00,0.00,0.80,0.27,81
15.1682,20.00,0.00,0.00,0.80,0.27,82
15.1791,20.00,0.00,0.00,0.80,0.27,82
15.2000,20.00,0.00,0.00,0.80,0.27,81
15.2411,20.00,0.00,0.00,0.80,0.27,81
15.2568,20.00,0.00,0.00,0.80,0.27,81
15.2679,20.00,0.00,0.00,0.80,0.27,81
15.2774,20.00,0.00,0.00,0.80,0.27,81
15.2927,20.00,0.00,0.00,0.80,0.27,81
15.3078,20.00,0.00,0.00,0.80,0.27,81
15.3253,20.00,0.00,0.00,0.80,0.27,80
15.3327,20.00,0.00,0.00,0.80,0.27,81
15.3420,20.00,0.00,0.00,0.80,0.27,81
15.3528,20.00,0.00,0.00,0.80,0.27,81
15.3671,20.00,0.00,0.00,0.80,0.27,81
15.3752,20.00,0.00,0.00,0.80,0.27,82
15.3857,20.00,0.00,0.00,0.80,0.27,82
15.3957,20.00,0.00,0.00,0.80,0.27,82
15.4080,20.00,0.00,0.00,0.80,0.27,82
15.4260,20.00,0.00,0.00,0.80,0.27,82
15.4430,20.00,0.00,0.00,0.80,0.27,81
15.4536,20.00,0.00,0.00,0.80,0.27,82
15.4632,20.00,0.00,0.00,0.80,0.27,82
15.4729,20.00,0.00,0.00,0.80,0.27,82
15.4831,20.00,0.00,0.00,0.80,0.27,82
15.4907,20.00,0.00,0.00,0.80,0.27,83
15.5031,20.00,0.00,0.00,0.80,0.27,83
15.5135,20.00,0.00,0.00,0.80,0.27,83
15.5246,20.00,0.00,0.00,0.80,0.27,83
15.5331,20.00,0.00,0.00,0.80,0.27,83
15.5462,20.00,0.00,0.00,0.80,0.27,83
15.5606,20.00,0.00,0.00,0.80,0.27,83
15.5692,20.00,0.00,0.00,0.80,0.27,83
15.5791,20.00,0.00,0.00,0.80,0.27,83
15.5914,20.00,0.00,0.00,0.80,0.27,83
15.6029,20.00,0.00,0.00,0.80,0.27,83
15.6123,20.00,0.00,0.00,0.80,0.27,84
15.6220,20.00,0.00,0.00,0.80,0.27,84
15.6323,20.00,0.00,0.00,0.80,0.27,84
15.6422,20.00,0.00,0.00,0.80,0.27,84
15.6596,20.00,0.00,0.00,0.80,0.27,84
15.6751,20.00,0.00,0.00,0.80,0.27,84
15.6921,20.00,0.00,0.00,0.80,0.27,83
15.7004,20.00,0.00,0.00,0.80,0.27,84
15.7094,20.00,0.00,0.00,0.80,0.27,84
15.7229,20.00,0.00,0.00,0.80,0.27,84
15.7346,20.00,0.00,0.00,0.80,0.27,84
15.7467,20.00,0.00,0.00,0.80,0.27,84
15.7557,20.00,0.00,0.00,0.80,0.27,84
15.7655,20.00,0.00,0.00,0.80,0.27,84
15.7812,20.00,0.00,0.00,0.80,0.27,84
15.7910,20.00,0.00,0.00,0.80,0.27,84
15.7991,20.00,0.00,0.00,0.80,0.27,85
15.8087,20.00,0.00,0.00,0.80,0.27,85
15.8206,20.00,0.00,0.00,0.80,0.27,85
15.8326,20.00,0.00,0.00,0.80,0.27,85
15.8417,20.00,0.00,0.00,0.80,0.27,85
15.8517,20.00,0.00,0.00,0.80,0.27,85
15.8672,20.00,0.00,0.00,0.80,0.27,85
15.8762,20.00,0.00,0.00,0.80,0.27,85
15.8935,20.00,0.00,0.00,0.80,0.27,85
15.9083,20.00,0.00,0.00,0.80,0.27,85
15.9192,20.00,0.00,0.00,0.80,0.27,85
15.9681,20.00,0.00,0.00,0.80,0.27,84
15.9777,20.00,0.00,0.00,0.80,0.27,84
15.9990,20.00,0.00,0.00,0.80,0.27,84
16.0113,20.00,0.00,0.00,0.80,0.27,84
16.0279,20.00,0.00,0.00,0.80,0.27,84
16.0362,20.00,0.00,0.00,0.80,0.27,84
16.0457,20.00,0.00,0.00,0.80,0.27,84
16.0623,20.00,0.00,0.00,0.80,0.27,84
16.0737,20.00,0.00,0.00,0.80,0.27,84
16.0847,20.00,0.00,0.00,0.80,0.27,84
16.0962,20.00,0.00,0.00,0.80,0.27,84
16.1055,20.00,0.00,0.00,0.80,0.27,84
16.1153,20.00,0.00,0.00,0.80,0.27,85
16.1300,20.00,0.00,0.00,0.80,0.27,84
16.1415,20.00,0.00,0.00,0.80,0.27,85
16.1505,20.00,0.00,0.00,0.80,0.27,85
16.1643,20.00,0.00,0.00,0.80,0.27,85
16.1744,20.00,0.00,0.00,0.80,0.27,85
16.1833,20.00,0.00,0.00,0.80,0.27,85
16.1946,20.00,0.00,0.00,0.80,0.27,85
16.2160,20.00,0.00,0.00,0.80,0.27,85
16.2257,20.00,0.00,0.00,0.80,0.27,85
16.2372,20.00,0.00,0.00,0.80,0.27,85
16.2536,20.00,0.00,0.00,0.80,0.27,85
16.2711,20.00,0.00,0.00,0.80,0.27,84
16.2826,20.00,0.00,0.00,0.80,0.27,84
16.2912,20.00,0.00,0.00,0.80,0.27,85
16.3048,20.00,0.00,0.00,0.80,0.27,85
16.3172,20.00,0.00,0.00,0.80,0.27,85
16.3264,20.00,0.00,0.00,0.80,0.27,85
16.3451,20.00,0.00,0.00,0.80,0.27,84
16.3525,20.00,0.00,0.00,0.80,0.27,85
16.3613,20.00,0.00,0.00,0.80,0.27,85
16.3715,20.00,0.00,0.00,0.80,0.27,85
16.3925,20.00,0.00,0.00,0.80,0.27,85
16.4015,20.00,0.00,0.00,0.80,0.27,85
16.4114,20.00,0.00,0.00,0.80,0.27,85
16.4219,20.00,0.00,0.00,0.80,0.27,85
16.4351,20.00,0.00,0.00,0.80,0.27,85
16.4492,20.00,0.00,0.00,0.80,0.27,85
16.4657,20.00,0.00,0.00,0.80,0.27,85
16.4760,20.00,0.00,0.00,0.80,0.27,85
16.4858,20.00,0.00,0.00,0.80,0.27,85
16.4952,20.00,0.00,0.00,0.80,0.27,85
16.5088,20.00,0.00,0.00,0.80,0.27,85
16.5176,20.00,0.00,0.00,0.80,0.27,86
16.5357,20.00,0.00,0.00,0.80,0.27,85
16.5432,20.00,0.00,0.00,0.80,0.27,86
16.5505,20.00,0.00,0.00,0.80,0.27,86
16.5666,20.00,0.00,0.00,0.80,0.27,86
16.5775,20.00,0.00,0.00,0.80,0.27,86
16.5868,20.00,0.00,0.00,0.80,0.27,86
16.6020,20.00,0.00,0.00,0.80,0.27,86
16.6179,20.00,0.00,0.00,0.80,0.27,86
16.6301,20.00,0.00,0.00,0.80,0.27,86
16.6540,20.00,0.00,0.00,0.80,0.27,85
16.6697,20.00,0.00,0.00,0.80,0.27,85
16.6789,20.00,0.00,0.00,0.80,0.27,85
16.6885,20.00,0.00,0.00,0.80,0.27,86
16.7018,20.00,0.00,0.00,0.80,0.27,85
16.7283,20.00,0.00,0.00,0.80,0.27,85
16.7373,20.00,0.00,0.00,0.80,0.27,85
16.7535,20.00,0.00,0.00,0.80,0.27,85
16.7626,20.00,0.00,0.00,0.80,0.27,85
16.7755,20.00,0.00,0.00,0.80,0.27,85
16.7830,20.00,0.00,0.00,0.80,0.27,86
16.7920,20.00,0.00,0.00,0.80,0.27,86
16.8030,20.00,0.00,0.00,0.80,0.27,86
16.8151,20.00,0.00,0.00,0.80,0.27,86
16.8259,20.00,0.00,0.00,0.80,0.27,86
16.8363,20.00,0.00,0.00,0.80,0.27,86
16.8571,20.00,0.00,0.00,0.80,0.27,86
16.8669,20.00,0.00,0.00,0.80,0.27,86
17.0000,20.00,0.00,0.00,0.80,0.27,85
17.0082,20.00,0.00,0.00,0.80,0.27,85
17.0176,20.00,0.00,0.00,0.80,0.27,86
17.0321,20.00,0.00,0.00,0.80,0.27,85
17.0469,20.00,0.00,0.00,0.80,0.27,85
17.0570,20.00,0.00,0.00,0.80,0.27,85
17.0731,20.00,0.00,0.00,0.80,0.27,85
17.1305,20.00,0.00,0.00,0.80,0.27,84
17.1410,20.00,0.00,0.00,0.80,0.27,85
17.1545,20.00,0.00,0.00,0.80,0.27,84
17.1660,20.00,0.00,0.00,0.80,0.27,84
17.1745,20.00,0.00,0.00,0.80,0.27,85
17.1970,20.00,0.00,0.00,0.80,0.27,84
17.2090,20.00,0.00,0.00,0.80,0.27,84
17.2189,20.00,0.00,0.00,0.80,0.27,85
17.2284,20.00,0.00,0.00,0.80,0.27,85
17.2402,20.00,0.00,0.00,0.80,0.27,85
17.2601,20.00,0.00,0.00,0.80,0.27,84
17.2750,20.00,0.00,0.00,0.80,0.27,84
17.2846,20.00,0.00,0.00,0.80,0.27,84
17.2995,20.00,0.00,0.00,0.80,0.27,84
17.3144,20.00,0.00,0.00,0.80,0.27,84
17.3291,20.00,0.00,0.00,0.80,0.27,84
17.3374,20.00,0.00,0.00,0.80,0.27,84
17.3479,20.00,0.00,0.00,0.80,0.27,84
17.3738,20.00,0.00,0.00,0.80,0.27,84
17.3988,20.00,0.00,0.00,0.80,0.27,83
17.4088,20.00,0.00,0.00,0.80,0.27,84
17.4192,20.00,0.00,0.00,0.80,0.27,84
17.4365,20.00,0.00,0.00,0.80,0.27,83
17.4590,20.00,0.00,0.00,0.80,0.27,83
17.4788,20.00,0.00,0.00,0.80,0.27,83
17.4894,20.00,0.00,0.00,0.80,0.27,83
17.5334,20.00,0.00,0.00,0.80,0.27,82
17.5431,20.00,0.00,0.00,0.80,0.27,82
17.5553,20.00,0.00,0.00,0.80,0.27,82
17.5712,20.00,0.00,0.00,0.80,0.27,82
17.5807,20.00,0.00,0.00,0.80,0.27,82
17.6051,20.00,0.00,0.00,0.80,0.27,82
17.6182,20.00,0.00,0.00,0.80,0.27,82
17.6354,20.00,0.00,0.00,0.80,0.27,82
17.6462,20.00,0.00,0.00,0.80,0.27,82
17.6589,20.00,0.00,0.00,0.80,0.27,82
17.6757,20.00,0.00,0.00,0.80,0.27,82
17.6902,20.00,0.00,0.00,0.80,0.27,81
17.7029,20.00,0.00,0.00,0.80,0.27,81
17.7174,20.00,0.00,0.00,0.80,0.27,81
17.7288,20.00,0.00,0.00,0.80,0.27,81
17.7401,20.00,0.00,0.00,0.80,0.27,81
17.7541,20.00,0.00,0.00,0.80,0.27,81
17.7649,20.00,0.00,0.00,0.80,0.27,81
17.8291,20.00,0.00,0.00,0.80,0.27,81
17.8378,20.00,0.00,0.00,0.80,0.27,81
17.8549,20.00,0.00,0.00,0.80,0.27,81
17.8707,20.00,0.00,0.00,0.80,0.27,81
17.8846,20.00,0.00,0.00,0.80,0.27,81
17.8935,20.00,0.00,0.00,0.80,0.27,81
17.9112,20.00,0.00,0.00,0.80,0.27,81
17.9204,20.00,0.00,0.00,0.80,0.27,81
18.0599,20.00,0.00,0.00,0.80,0.27,80
18.0687,20.00,0.00,0.00,0.80,0.27,81
18.0778,20.00,0.00,0.00,0.80,0.27,81
18.0952,20.00,0.00,0.00,0.80,0.27,81
18.1078,20.00,0.00,0.00,0.80,0.27,81
18.1167,20.00,0.00,0.00,0.80,0.27,81
18.1280,20.00,0.00,0.00,0.80,0.27,81
18.1417,20.00,0.00,0.00,0.80,0.27,81
18.1558,20.00,0.00,0.00,0.80,0.27,81
18.1650,20.00,0.00,0.00,0.80,0.27,81
18.1760,20.00,0.00,0.00,0.80,0.27,81
18.1969,20.00,0.00,0.00,0.80,0.27,81
18.2088,20.00,0.00,0.00,0.80,0.27,81
18.2187,20.00,0.00,0.00,0.80,0.27,81
18.2386,20.00,0.00,0.00,0.80,0.27,81
18.2492,20.00,0.00,0.00,0.80,0.27,81
18.2590,20.00,0.00,0.00,0.80,0.27,81
18.2708,20.00,0.00,0.00,0.80,0.27,81
18.2815,20.00,0.00,0.00,0.80,0.27,81
18.2919,20.00,0.00,0.00,0.80,0.27,81
18.3045,20.00,0.00,0.00,0.80,0.27,81
18.3125,20.00,0.00,0.00,0.80,0.27,82
18.4242,20.00,0.00,0.00,0.80,0.27,81
18.4328,20.00,0.00,0.00,0.80,0.27,81
18.4428,20.00,0.00,0.00,0.80,0.27,82
18.4818,20.00,0.00,0.00,0.80,0.27,81
18.4919,20.00,0.00,0.00,0.80,0.27,81
18.5008,20.00,0.00,0.00,0.80,0.27,81
18.5138,20.00,0.00,0.00,0.80,0.27,81
18.5326,20.00,0.00,0.00,0.80,0.27,81
18.5422,20.00,0.00,0.00,0.80,0.27,81
18.5526,20.00,0.00,0.00,0.80,0.27,81
18.5672,20.00,0.00,0.00,0.80,0.27,81
18.5777,20.00,0.00,0.00,0.80,0.27,81
18.5918,20.00,0.00,0.00,0.80,0.27,81
18.6002,20.00,0.00,0.00,0.80,0.27,82
18.6121,20.00,0.00,0.00,0.80,0.27,82
18.6282,20.00,0.00,0.00,0.80,0.27,82
18.6363,20.00,0.00,0.00,0.80,0.27,82
18.6460,20.00,0.00,0.00,0.80,0.27,82
18.6547,20.00,0.00,0.00,0.80,0.27,82
18.6640,20.00,0.00,0.00,0.80,0.27,83
18.6733,20.00,0.00,0.00,0.80,0.27,83
18.6916,20.00,0.00,0.00,0.80,0.27,83
18.7059,20.00,0.00,0.00,0.80,0.27,83
18.7200,20.00,0.00,0.00,0.80,0.27,82
18.7378,20.00,0.00,0.00,0.80,0.27,82
18.7469,20.00,0.00,0.00,0.80,0.27,82
18.7627,20.00,0.00,0.00,0.80,0.27,82
18.7709,20.00,0.00,0.00,0.80,0.27,83
18.7882,20.00,0.00,0.00,0.80,0.27,82
18.8046,20.00,0.00,0.00,0.80,0.27,82
18.8132,20.00,0.00,0.00,0.80,0.27,83
18.8328,20.00,0.00,0.00,0.80,0.27,82
18.8410,20.00,0.00,0.00,0.80,0.27,83
18.8597,20.00,0.00,0.00,0.80,0.27,82
18.8778,20.00,0.00,0.00,0.80,0.27,82
18.8945,20.00,0.00,0.00,0.80,0.27,82
18.9148,20.00,0.00,0.00,0.80,0.27,81
18.9325,20.00,0.00,0.00,0.80,0.27,81
18.9437,20.00,0.00,0.00,0.80,0.27,81
19.0581,20.00,0.00,0.00,0.80,0.27,81
19.0669,20.00,0.00,0.00,0.80,0.27,81
19.0755,20.00,0.00,0.00,0.80,0.27,81
19.1581,20.00,0.00,0.00,0.80,0.27,81
19.1710,20.00,0.00,0.00,0.80,0.27,80
19.1788,20.00,0.00,0.00,0.80,0.27,81
19.1865,20.00,0.00,0.00,0.80,0.27,81
19.1959,20.00,0.00,0.00,0.80,0.27,82
19.2102,20.00,0.00,0.00,0.80,0.27,82
19.2200,20.00,0.00,0.00,0.80,0.27,82
19.2355,20.00,0.00,0.00,0.80,0.27,82
19.2492,20.00,0.00,0.00,0.80,0.27,81
19.2775,20.00,0.00,0.00,0.80,0.27,81
19.2870,20.00,0.00,0.00,0.80,0.27,81
19.2977,20.00,0.00,0.00,0.80,0.27,81
19.3139,20.00,0.00,0.00,0.80,0.27,81
19.3228,20.00,0.00,0.00,0.80,0.27,81
19.3324,20.00,0.00,0.00,0.80,0.27,82
19.3458,20.00,0.00,0.00,0.80,0.27,82
19.3777,20.00,0.00,0.00,0.80,0.27,81
19.3877,20.00,0.00,0.00,0.80,0.27,81
19.3994,20.00,0.00,0.00,0.80,0.27,81
19.4072,20.00,0.00,0.00,0.80,0.27,82
19.4699,20.00,0.00,0.00,0.80,0.27,81
19.4861,20.00,0.00,0.00,0.80,0.27,81
19.4953,20.00,0.00,0.00,0.80,0.27,81
19.5095,20.00,0.00,0.00,0.80,0.27,81
19.5181,20.00,0.00,0.00,0.80,0.27,81
19.5291,20.00,0.00,0.00,0.80,0.27,82
19.5442,20.00,0.00,0.00,0.80,0.27,81
19.5539,20.00,0.00,0.00,0.80,0.27,82
19.5714,20.00,0.00,0.00,0.80,0.27,81
19.5808,20.00,0.00,0.00,0.80,0.27,82
19.6087,20.00,0.00,0.00,0.80,0.27,81
19.6171,20.00,0.00,0.00,0.80,0.27,81
19.6242,20.00,0.00,0.00,0.80,0.27,82
19.6349,20.00,0.00,0.00,0.80,0.27,82
19.6611,20.00,0.00,0.00,0.80,0.27,82
19.6730,20.00,0.00,0.00,0.80,0.27,82
19.6885,20.00,0.00,0.00,0.80,0.27,82
19.6973,20.00,0.00,0.00,0.80,0.27,82
19.7130,20.00,0.00,0.00,0.80,0.27,82
19.7249,20.00,0.00,0.00,0.80,0.27,82
19.7337,20.00,0.00,0.00,0.80,0.27,82
19.7459,20.00,0.00,0.00,0.80,0.27,82
19.7534,20.00,0.00,0.00,0.80,0.27,83
19.7626,20.00,0.00,0.00,0.80,0.27,83
19.7763,20.00,0.00,0.00,0.80,0.27,83
19.7889,20.00,0.00,0.00,0.80,0.27,83
19.7968,20.00,0.00,0.00,0.80,0.27,83
19.8126,20.00,0.00,0.00,0.80,0.27,83
19.8335,20.00,0.00,0.00,0.80,0.27,83
19.8453,20.00,0.00,0.00,0.80,0.27,83
19.8546,20.00,0.00,0.00,0.80,0.27,83
19.8642,20.00,0.00,0.00,0.80,0.27,83
19.8728,20.00,0.00,0.00,0.80,0.27,83
19.8837,20.00,0.00,0.00,0.80,0.27,83
19.8936,20.00,0.00,0.00,0.80,0.27,84
19.9037,20.00,0.00,0.00,0.80,0.27,84
19.9139,20.00,0.00,0.00,0.80,0.27,84
19.9335,20.00,0.00,0.00,0.80,0.27,84
19.9442,20.00,0.00,0.00,0.80,0.27,84
19.9559,20.00,0.00,0.00,0.80,0.27,84
19.9666,20.00,0.00,0.00,0.80,0.27,84
19.9747,20.00,0.00,0.00,0.80,0.27,84
19.9841,20.00,0.00,0.00,0.80,0.27,84
19.9994,20.00,0.00,0.00,0.80,0.27,84
20.0075,20.00,0.00,0.00,0.80,0.27,85
20.0541,20.00,0.00,0.00,0.80,0.27,84
20.0677,20.00,0.00,0.00,0.80,0.27,84
20.0769,20.00,0.00,0.00,0.80,0.27,84
20.0878,20.00,0.00,0.00,0.80,0.27,84
20.0979,20.00,0.00,0.00,0.80,0.27,84
20.1086,20.00,0.00,0.00,0.80,0.27,84
20.1217,20.00,0.00,0.00,0.80,0.27,84
20.1366,20.00,0.00,0.00,0.80,0.27,84
20.1459,20.00,0.00,0.00,0.80,0.27,84
20.1577,20.00,0.00,0.00,0.80,0.27,84
20.1655,20.00,0.00,0.00,0.80,0.27,85
20.1741,20.00,0.00,0.00,0.80,0.27,85
20.1835,20.00,0.00,0.00,0.80,0.27,85
20.2774,20.00,0.00,0.00,0.80,0.27,85
20.2856,20.00,0.00,0.00,0.80,0.27,85
20.2950,20.00,0.00,0.00,0.80,0.27,85
20.3076,20.00,0.00,0.00,0.80,0.27,85
20.3225,20.00,0.00,0.00,0.80,0.27,85
20.3331,20.00,0.00,0.00,0.80,0.27,85
20.3424,20.00,0.00,0.00,0.80,0.27,85
20.3592,20.00,0.00,0.00,0.80,0.27,85
20.3679,20.00,0.00,0.00,0.80,0.27,85
20.3772,20.00,0.00,0.00,0.80,0.27,85
20.3881,20.00,0.00,0.00,0.80,0.27,85
20.3993,20.00,0.00,0.00,0.80,0.27,85
20.4108,20.00,0.00,0.00,0.80,0.27,85
20.4191,20.00,0.00,0.00,0.80,0.27,86
20.4332,20.00,0.00,0.00,0.80,0.27,86
20.4506,20.00,0.00,0.00,0.80,0.27,85
20.4629,20.00,0.00,0.00,0.80,0.27,85
20.4741,20.00,0.00,0.00,0.80,0.27,85
20.4842,20.00,0.00,0.00,0.80,0.27,86
20.4968,20.00,0.00,0.00,0.80,0.27,85
20.5063,20.00,0.00,0.00,0.80,0.27,86
20.5168,20.00,0.00,0.00,0.80,0.27,86
20.5259,20.00,0.00,0.00,0.80,0.27,86
20.5342,20.00,0.00,0.00,0.80,0.27,86
20.5430,20.00,0.00,0.00,0.80,0.27,87
20.5528,20.00,0.00,0.00,0.80,0.27,87
20.5738,20.00,0.00,0.00,0.80,0.27,86
20.5831,20.00,0.00,0.00,0.80,0.27,87
20.5947,20.00,0.00,0.00,0.80,0.27,87
20.6027,20.00,0.00,0.00,0.80,0.27,87
20.6109,20.00,0.00,0.00,0.80,0.27,87
20.6208,20.00,0.00,0.00,0.80,0.27,87
20.6416,20.00,0.00,0.00,0.80,0.27,87
20.6502,20.00,0.00,0.00,0.80,0.27,87
20.6628,20.00,0.00,0.00,0.80,0.27,87
20.6706,20.00,0.00,0.00,0.80,0.27,88
20.7551,20.00,0.00,0.00,0.80,0.27,87
20.7640,20.00,0.00,0.00,0.80,0.27,87
20.7759,20.00,0.00,0.00,0.80,0.27,87
20.7849,20.00,0.00,0.00,0.80,0.27,87
20.7954,20.00,0.00,0.00,0.80,0.27,87
20.8062,20.00,0.00,0.00,0.80,0.27,87
20.8254,20.00,0.00,0.00,0.80,0.27,87
20.8372,20.00,0.00,0.00,0.80,0.27,87
20.8572,20.00,0.00,0.00,0.80,0.27,87
20.8677,20.00,0.00,0.00,0.80,0.27,87
20.8782,20.00,0.00,0.00,0.80,0.27,87
20.8901,20.00,0.00,0.00,0.80,0.27,87
20.8988,20.00,0.00,0.00,0.80,0.27,87
20.9094,20.00,0.00,0.00,0.80,0.27,87
20.9213,20.00,0.00,0.00,0.80,0.27,87
20.9298,20.00,0.00,0.00,0.80,0.27,87
20.9392,20.00,0.00,0.00,0.80,0.27,88
20.9507,20.00,0.00,0.00,0.80,0.27,88
20.9584,20.00,0.00,0.00,0.80,0.27,88
20.9663,20.00,0.00,0.00,0.80,0.27,88
20.9753,20.00,0.00,0.00,0.80,0.27,89
20.9877,20.00,0.00,0.00,0.80,0.27,88
21.0005,20.00,0.00,0.00,0.80,0.27,88
21.0161,20.00,0.00,0.00,0.80,0.27,88
21.0265,20.00,0.00,0.00,0.80,0.27,88
21.0371,20.00,0.00,0.00,0.80,0.27,88
21.0464,20.00,0.00,0.00,0.80,0.27,88
21.0562,20.00,0.00,0.00,0.80,0.27,89
21.0679,20.00,0.00,0.00,0.80,0.27,89
21.0759,20.00,0.00,0.00,0.80,0.27,89
21.0846,20.00,0.00,-0.00,0.80,0.27,89
21.0941,20.00,0.00,0.00,0.80,0.27,89
21.1037,20.00,0.00,0.00,0.80,0.27,89
21.1127,20.00,0.00,0.00,0.80,0.27,90
21.1226,20.00,0.00,0.00,0.80,0.27,90
21.1390,20.00,0.00,-0.00,0.80,0.26,89
21.2480,20.00,0.00,-0.00,0.80,0.26,89
21.2577,20.00,0.01,-0.04,0.80,0.22,89
21.2683,20.00,0.00,-0.03,0.80,0.19,89
21.3433,20.00,0.00,-0.05,0.81,0.14,88
21.3564,20.00,0.03,-0.23,0.84,-0.09,88
21.3757,20.00,0.00,-0.10,0.84,-0.19,88
21.3854,20.00,0.00,-0.05,0.84,-0.25,88
21.3954,20.00,0.01,-0.06,0.85,-0.30,88
21.4107,20.00,0.00,-0.03,0.85,-0.33,88
21.4430,20.00,0.04,-0.10,0.89,-0.43,87
21.4758,20.00,0.00,-0.19,0.90,-0.62,87
21.4834,20.00,-0.03,-0.20,0.87,-0.82,87
21.4935,20.00,-0.01,-0.11,0.85,-0.93,87
21.5032,20.00,-0.01,-0.09,0.84,-1.02,87
21.5203,20.00,-0.01,-0.08,0.83,-1.10,87
21.5307,20.00,-0.02,-0.12,0.81,-1.22,87
21.5405,20.00,-0.02,-0.09,0.79,-1.31,87
21.5533,20.00,-0.01,-0.08,0.78,-1.39,87
21.5732,20.00,-0.05,-0.19,0.73,-1.58,87
21.5829,20.00,-0.02,-0.10,0.71,-1.68,87
21.6536,20.00,-0.04,-0.18,0.67,-1.86,86
21.6628,20.00,-0.06,-0.25,0.61,-2.10,86
21.6732,20.00,-0.05,-0.19,0.56,-2.30,86
21.6903,20.00,-0.03,-0.13,0.54,-2.43,86
21.6994,20.00,0.00,-0.07,0.54,-2.49,86
21.7166,20.00,-0.01,-0.11,0.53,-2.60,86
21.7280,20.00,-0.01,-0.11,0.52,-2.71,86
21.7384,20.00,0.00,-0.07,0.52,-2.77,86
21.7486,20.00,0.00,-0.06,0.52,-2.83,86
21.7565,20.00,-0.01,-0.05,0.51,-2.89,87
21.7661,20.00,-0.01,-0.05,0.51,-2.94,87
21.7779,20.00,-0.01,-0.06,0.50,-3.00,87
21.7899,20.00,0.00,-0.05,0.50,-3.05,87
21.8067,20.00,-0.01,-0.12,0.48,-3.16,87
21.8157,20.00,-0.01,-0.07,0.47,-3.23,87
21.8251,20.00,-0.01,-0.09,0.46,-3.32,87
21.8364,20.00,-0.01,-0.05,0.45,-3.38,87
21.8466,20.00,0.00,-0.06,0.45,-3.43,87
21.8545,20.00,-0.00,-0.05,0.45,-3.49,87
21.8648,20.00,-0.01,-0.05,0.44,-3.54,88
21.8831,20.00,-0.01,-0.09,0.43,-3.63,87
21.9066,20.00,-0.01,-0.11,0.42,-3.74,87
21.9224,20.00,0.00,-0.13,0.42,-3.87,87
21.9313,20.00,0.00,-0.07,0.42,-3.94,87
21.9662,20.00,0.00,-0.09,0.42,-4.03,86
21.9778,20.00,-0.01,-0.12,0.41,-4.14,86
21.9891,20.00,-0.01,-0.10,0.41,-4.25,86
21.9992,20.00,0.00,-0.06,0.41,-4.30,86
22.1306,20.00,0.00,-0.11,0.41,-4.41,86
22.1381,20.00,-0.02,-0.25,0.39,-4.66,86
22.1557,20.00,-0.03,-0.35,0.36,-5.01,86
22.1744,20.00,0.00,-0.19,0.36,-5.20,85
22.1839,20.00,0.00,-0.09,0.36,-5.29,86
22.1952,20.00,0.00,-0.16,0.36,-5.45,86
22.2051,20.00,0.00,-0.08,0.36,-5.53,86
22.2212,20.00,0.00,-0.14,0.36,-5.67,86
22.2294,20.00,0.00,-0.07,0.36,-5.74,86
22.2416,20.00,0.00,-0.05,0.36,-5.79,86
22.2531,20.00,0.00,-0.05,0.36,-5.84,86
22.2627,20.00,0.00,-0.09,0.36,-5.93,86
22.2730,20.00,0.00,-0.05,0.36,-5.98,86
22.2815,20.00,0.00,-0.04,0.36,-6.02,86
22.2901,20.00,0.00,-0.03,0.36,-6.05,87
22.2993,20.00,0.00,-0.04,0.36,-6.09,87
22.3576,20.00,0.00,-0.06,0.36,-6.15,86
22.3647,20.00,0.00,-0.14,0.36,-6.28,87
22.3774,20.00,-0.01,-0.12,0.36,-6.41,87
22.4310,20.00,-0.01,-0.09,0.35,-6.50,86
22.4409,20.00,-0.01,-0.12,0.34,-6.62,86
22.4546,20.00,-0.02,-0.17,0.32,-6.79,86
22.4697,20.00,-0.02,-0.12,0.30,-6.91,86
22.4848,20.00,-0.02,-0.16,0.28,-7.07,86
22.4947,20.00,0.00,-0.09,0.28,-7.16,86
22.5049,20.00,-0.01,-0.06,0.27,-7.22,86
22.5228,20.00,-0.02,-0.10,0.26,-7.32,86
22.5328,20.00,0.00,-0.07,0.26,-7.38,86
22.5462,20.00,-0.01,-0.06,0.25,-7.44,86
22.5537,20.00,-0.02,-0.10,0.23,-7.55,86
22.5641,20.00,-0.01,-0.07,0.22,-7.61,86
22.5753,20.00,0.00,-0.06,0.22,-7.67,86
22.5860,20.00,0.00,-0.05,0.22,-7.72,86
22.5954,20.00,0.00,-0.06,0.22,-7.78,86
22.6061,20.00,0.00,-0.06,0.22,-7.84,87
22.6156,20.00,-0.01,-0.10,0.22,-7.94,87
22.6243,20.00,0.00,-0.07,0.22,-8.00,87
22.6342,20.00,-0.01,-0.10,0.21,-8.11,87
22.6475,20.00,0.00,-0.07,0.21,-8.17,87
22.6586,20.00,0.00,-0.07,0.21,-8.24,87
22.6681,20.00,-0.01,-0.11,0.20,-8.35,87
22.6774,20.00,0.00,-0.07,0.20,-8.42,87
22.6916,20.00,0.00,-0.05,0.20,-8.47,87
22.7054,20.00,0.00,-0.05,0.20,-8.52,87
22.7240,20.00,0.00,-0.13,0.20,-8.65,87
22.7338,20.00,0.00,-0.07,0.20,-8.72,87
22.7455,20.00,0.00,-0.09,0.20,-8.81,87
22.7539,20.00,0.00,-0.06,0.20,-8.87,87
22.7636,20.00,-0.01,-0.07,0.20,-8.95,87
22.7764,20.00,-0.01,-0.06,0.19,-9.00,87
22.7853,20.00,-0.01,-0.07,0.18,-9.07,88
22.7980,20.00,0.00,-0.05,0.18,-9.13,87
22.8072,20.00,0.00,-0.05,0.18,-9.18,88
22.8188,20.00,0.00,-0.05,0.18,-9.23,88
22.8314,20.00,0.00,-0.05,0.18,-9.29,88
22.8430,20.00,0.00,-0.05,0.18,-9.34,87
22.8594,20.00,-0.01,-0.13,0.17,-9.47,87
22.8672,20.00,-0.02,-0.12,0.15,-9.59,88
22.8835,20.00,-0.01,-0.11,0.14,-9.70,87
22.8933,20.00,-0.01,-0.10,0.12,-9.80,88
22.9044,20.00,-0.01,-0.07,0.11,-9.87,88
22.9130,20.00,0.00,-0.06,0.11,-9.92,88
22.9232,20.00,0.00,-0.05,0.11,-9.97,88
22.9328,20.00,0.00,-0.06,0.11,-10.03,88
22.9418,20.00,0.00,-0.06,0.11,-10.09,88
22.9503,20.00,-0.01,-0.07,0.11,-10.15,89
22.9599,20.00,-0.01,-0.10,0.10,-10.26,89
22.9700,20.00,0.00,-0.07,0.10,-10.32,89
22.9791,20.00,0.00,-0.06,0.10,-10.38,89
22.9913,20.00,0.00,-0.05,0.10,-10.44,89
23.0002,20.00,0.00,-0.05,0.10,-10.49,89
23.0105,20.00,0.00,-0.05,0.10,-10.54,89
23.0244,20.00,-0.01,-0.09,0.09,-10.63,89
23.0346,20.00,0.00,-0.06,0.09,-10.70,89
23.0436,20.00,0.00,-0.13,0.09,-10.82,89
23.0568,20.00,-0.01,-0.08,0.09,-10.90,89
23.0772,20.00,-0.01,-0.10,0.08,-11.00,89
23.0877,20.00,-0.01,-0.11,0.07,-11.11,89
23.0980,20.00,0.00,-0.07,0.07,-11.19,89
23.1079,20.00,0.00,-0.06,0.07,-11.24,89
23.1170,20.00,0.00,-0.08,0.07,-11.32,89
23.1298,20.00,0.00,-0.05,0.07,-11.38,89
23.2301,20.00,0.00,-0.10,0.07,-11.48,88
23.2392,20.00,-0.10,-0.12,-0.03,-11.60,89
23.2488,20.00,0.00,-0.08,-0.03,-11.68,89
23.2658,20.00,0.00,-0.09,-0.03,-11.77,88
23.2768,20.00,0.00,-0.07,-0.03,-11.84,88
23.2897,20.00,-0.00,-0.10,-0.03,-11.94,88
23.3035,20.00,0.00,-0.06,-0.03,-12.00,88
23.3196,20.00,-0.01,-0.12,-0.04,-12.11,88
23.3293,20.00,-0.01,-0.07,-0.05,-12.19,88
23.3470,20.00,-0.02,-0.10,-0.07,-12.29,88
23.3586,20.00,-0.01,-0.07,-0.08,-12.36,88
23.3678,20.00,-0.02,-0.10,-0.10,-12.46,88
23.3787,20.00,0.00,-0.07,-0.10,-12.53,88
23.3882,20.00,0.00,-0.07,-0.10,-12.60,88
23.3999,20.00,0.00,-0.06,-0.10,-12.65,88
23.4085,20.00,-0.01,-0.10,-0.10,-12.76,88
23.4190,20.00,0.00,-0.06,-0.10,-12.82,88
23.4281,20.00,0.00,-0.05,-0.10,-12.87,89
23.4388,20.00,0.00,-0.06,-0.10,-12.93,89
23.4480,20.00,0.00,-0.06,-0.10,-12.99,89
23.4566,20.00,0.00,-0.05,-0.10,-13.04,89
23.4677,20.00,0.00,-0.05,-0.10,-13.08,89
23.4792,20.00,0.00,-0.08,-0.10,-13.17,89
23.4952,20.00,0.00,-0.10,-0.10,-13.27,89
23.6102,20.00,-0.01,-0.11,-0.11,-13.38,88
23.6175,20.00,0.01,-0.11,-0.10,-13.50,89
23.6362,20.00,0.00,-0.18,-0.10,-13.67,88
23.6465,20.00,0.00,-0.08,-0.10,-13.76,88
23.6587,20.00,0.00,-0.05,-0.10,-13.80,88
23.6697,20.00,0.00,-0.04,-0.10,-13.84,88
23.6818,20.00,0.00,-0.07,-0.10,-13.91,88
23.7031,20.00,0.00,-0.08,-0.10,-13.99,88
23.7170,20.00,0.00,-0.05,-0.10,-14.04,88
23.7271,20.00,0.00,-0.08,-0.10,-14.12,88
23.7364,20.00,0.00,-0.05,-0.10,-14.17,88
23.7451,20.00,0.00,-0.05,-0.10,-14.22,88
23.7612,20.00,0.00,-0.09,-0.10,-14.30,88
23.7717,20.00,0.00,-0.05,-0.10,-14.35,88
23.7887,20.00,0.00,-0.08,-0.10,-14.43,88
23.7979,20.00,0.00,-0.04,-0.10,-14.47,88
23.8092,20.00,0.00,-0.04,-0.10,-14.51,88
23.8183,20.00,0.00,-0.07,-0.10,-14.58,88
23.8310,20.00,0.00,-0.04,-0.10,-14.62,88
23.8427,20.00,0.00,-0.05,-0.10,-14.67,88
23.8557,20.00,-0.01,-0.06,-0.11,-14.73,88
23.8643,20.00,0.00,-0.05,-0.11,-14.79,88
23.8753,20.00,0.00,-0.04,-0.11,-14.83,88
23.8853,20.00,0.00,-0.08,-0.11,-14.91,88
23.8988,20.00,0.00,-0.04,-0.11,-14.96,88
23.9124,20.00,0.00,-0.04,-0.11,-15.00,88
23.9217,20.00,-0.01,-0.09,-0.12,-15.08,88
23.9398,20.00,-0.01,-0.09,-0.13,-15.18,88
23.9511,20.00,0.00,-0.06,-0.13,-15.23,88
23.9667,20.00,0.00,-0.09,-0.13,-15.32,88
23.9838,20.00,-0.00,-0.10,-0.13,-15.42,87
23.9922,20.00,0.01,-0.09,-0.13,-15.51,88
24.0084,20.00,-0.01,-0.11,-0.14,-15.61,87
24.0222,20.00,0.00,-0.07,-0.14,-15.69,87
24.0327,20.00,-0.01,-0.10,-0.16,-15.79,87
24.0420,20.00,0.00,-0.05,-0.16,-15.84,87
24.0528,20.00,0.00,-0.07,-0.16,-15.91,87
24.0736,20.00,0.00,-0.11,-0.16,-16.02,87
24.0917,20.00,0.00,-0.15,-0.16,-16.17,87
24.1125,20.00,-0.01,-0.11,-0.17,-16.27,86
24.1223,20.00,-0.01,-0.09,-0.18,-16.36,87
24.1335,20.00,0.00,-0.06,-0.18,-16.42,87
24.1501,20.00,0.00,-0.07,-0.18,-16.49,86
24.1592,20.00,0.00,-0.07,-0.18,-16.56,86
24.1694,20.00,0.00,-0.05,-0.18,-16.61,87
24.1850,20.00,0.00,-0.07,-0.18,-16.68,86
24.1959,20.00,-0.01,-0.04,-0.19,-16.72,86
24.2064,20.00,0.01,-0.03,-0.18,-16.75,87
24.2157,20.00,-0.01,-0.03,-0.19,-16.78,87
24.2253,20.00,0.01,-0.03,-0.19,-16.81,87
24.2340,20.00,-0.01,-0.03,-0.19,-16.84,87
24.2439,20.00,0.00,-0.04,-0.19,-16.89,87
24.2553,20.00,0.00,-0.02,-0.19,-16.91,87
24.2679,20.00,0.01,-0.02,-0.18,-16.93,87
24.2753,20.00,-0.01,-0.03,-0.19,-16.96,88
24.2887,20.00,0.00,-0.02,-0.19,-16.98,88
24.2972,20.00,0.00,-0.01,-0.19,-16.99,88
24.3060,20.00,0.00,0.00,-0.19,-16.99,88
24.3168,20.00,0.00,0.00,-0.19,-16.99,88
24.3266,20.00,0.00,0.00,-0.19,-16.99,88
24.3351,20.00,0.00,-0.00,-0.19,-16.99,89
24.3498,20.00,0.00,0.00,-0.19,-16.99,88
24.3592,20.00,0.00,0.00,-0.19,-16.99,89
24.3694,20.00,0.00,0.00,-0.19,-16.99,89
24.3840,20.00,0.00,0.00,-0.19,-16.99,88
24.3938,20.00,0.00,0.00,-0.19,-16.99,89
24.4052,20.00,0.00,0.00,-0.19,-16.99,89
24.4157,20.00,0.00,0.00,-0.19,-16.99,89
24.5095,20.00,0.00,0.00,-0.19,-16.99,88
24.5175,20.00,0.00,0.00,-0.19,-16.99,88
24.5272,20.00,0.00,0.00,-0.19,-16.99,88
24.5366,20.00,0.00,0.00,-0.19,-16.99,88
24.5468,20.00,0.00,0.00,-0.19,-16.99,89
24.5573,20.00,0.00,0.00,-0.19,-16.99,89
24.5696,20.00,0.00,0.00,-0.19,-16.99,89
24.5806,20.00,0.00,0.00,-0.19,-16.99,89
24.5954,20.00,0.00,0.00,-0.19,-16.99,88
24.6072,20.00,0.00,0.00,-0.19,-16.99,88
24.6166,20.00,0.00,0.00,-0.19,-16.99,88
24.6313,20.00,0.00,0.00,-0.19,-16.99,88
24.6404,20.00,0.00,0.00,-0.19,-16.99,88
24.6497,20.00,0.00,0.00,-0.19,-16.99,89
24.6607,20.00,0.00,0.00,-0.19,-16.99,89
24.6707,20.00,0.00,0.00,-0.19,-16.99,89
24.6816,20.00,0.00,0.00,-0.19,-16.99,89
24.6921,20.00,0.00,0.00,-0.19,-16.99,89
24.7001,20.00,0.00,0.00,-0.19,-16.99,89
24.7094,20.00,0.00,0.00,-0.19,-16.99,89
24.7216,20.00,0.00,0.00,-0.19,-16.99,89
24.7293,20.00,0.00,0.00,-0.19,-16.99,90
24.7397,20.00,0.00,0.00,-0.19,-16.99,90
24.7509,20.00,0.00,0.00,-0.19,-16.99,90
24.7597,20.00,0.00,0.00,-0.19,-16.99,90
24.7684,20.00,0.00,0.00,-0.19,-16.99,90
24.7801,20.00,0.00,0.00,-0.19,-16.99,90
24.8031,20.00,0.00,0.00,-0.19,-16.99,90
24.8146,20.00,0.00,0.00,-0.19,-16.99,90
24.8359,20.00,0.00,0.00,-0.19,-16.99,89
24.8446,20.00,0.00,0.00,-0.19,-16.99,90
24.8563,20.00,0.00,0.00,-0.19,-16.99,89
24.8717,20.00,0.00,0.00,-0.19,-16.99,89
24.8800,20.00,0.00,0.00,-0.19,-16.99,90
24.8919,20.00,0.00,0.00,-0.19,-16.99,89
24.9003,20.00,0.00,0.00,-0.19,-16.99,90
24.9080,20.00,0.00,0.00,-0.19,-16.99,90
24.9178,20.00,0.00,0.00,-0.19,-16.99,90
24.9278,20.00,0.00,0.00,-0.19,-16.99,90
24.9368,20.00,0.00,0.00,-0.19,-16.99,91
24.9469,20.00,0.00,0.00,-0.19,-16.99,91
24.9598,20.00,0.00,0.00,-0.19,-16.99,91
24.9674,20.00,0.00,0.00,-0.19,-16.99,91
24.9767,20.00,0.00,0.00,-0.19,-16.99,91
24.9879,20.00,0.00,0.00,-0.19,-16.99,91
25.0057,20.00,0.00,0.00,-0.19,-16.99,91
25.0151,20.00,0.00,0.00,-0.19,-16.99,91
25.0265,20.00,0.00,0.00,-0.19,-16.99,91
25.0344,20.00,0.00,0.00,-0.19,-16.99,91
25.0420,20.00,0.00,0.00,-0.19,-16.99,92
25.0511,20.00,0.00,0.00,-0.19,-16.99,92
25.0662,20.00,0.00,0.00,-0.19,-16.99,92
25.0823,20.00,0.00,0.00,-0.19,-16.99,91
25.0920,20.00,0.00,0.00,-0.19,-16.99,91
25.1087,20.00,0.00,0.00,-0.19,-16.99,91
25.1176,20.00,0.00,0.00,-0.19,-16.99,91
25.1291,20.00,0.00,0.00,-0.19,-16.99,91
25.1381,20.00,0.00,0.00,-0.19,-16.99,91
25.1477,20.00,0.00,0.00,-0.19,-16.99,91
25.1583,20.00,0.00,0.00,-0.19,-16.99,92
25.1683,20.00,0.00,0.00,-0.19,-16.99,92
25.1777,20.00,0.00,0.00,-0.19,-16.99,92
25.1870,20.00,0.00,0.00,-0.19,-16.99,92
25.1967,20.00,0.00,0.00,-0.19,-16.99,92
25.2097,20.00,0.00,0.00,-0.19,-16.99,92
25.2188,20.00,0.00,0.00,-0.19,-16.99,92
25.2303,20.00,0.00,0.00,-0.19,-16.99,92
25.2406,20.00,0.00,0.00,-0.19,-16.99,92
25.2485,20.00,0.00,0.00,-0.19,-16.99,92
25.2583,20.00,0.00,0.00,-0.19,-16.99,92
25.2790,20.00,0.00,0.00,-0.19,-16.99,92
25.2893,20.00,0.00,0.00,-0.19,-16.99,92
25.3071,20.00,0.00,0.00,-0.19,-16.99,92
25.3149,20.00,0.00,0.00,-0.19,-16.99,92
25.3238,20.00,0.00,0.00,-0.19,-16.99,92
25.3355,20.00,0.00,0.00,-0.19,-16.99,92
25.3440,20.00,0.00,0.00,-0.19,-16.99,92
25.3531,20.00,0.00,0.00,-0.19,-16.99,93
25.3633,20.00,0.00,0.00,-0.19,-16.99,93
25.3736,20.00,0.00,0.00,-0.19,-16.99,93
25.3821,20.00,0.00,0.00,-0.19,-16.99,93
25.3912,20.00,0.00,0.00,-0.19,-16.99,93
25.4018,20.00,0.00,0.00,-0.19,-16.99,93
25.4100,20.00,0.00,0.00,-0.19,-16.99,93
25.4186,20.00,0.00,0.00,-0.19,-16.99,94
25.4286,20.00,0.00,0.00,-0.19,-16.99,94
25.4373,20.00,0.00,0.00,-0.19,-16.99,94
25.4458,20.00,0.00,0.00,-0.19,-16.99,94
25.4547,20.00,0.00,0.00,-0.19,-16.99,94
25.4650,20.00,0.00,0.00,-0.19,-16.99,94
25.4735,20.00,0.00,0.00,-0.19,-16.99,94
25.4820,20.00,0.00,0.00,-0.19,-16.99,95
25.4917,20.00,0.00,0.00,-0.19,-16.99,95
25.5020,20.00,0.00,0.00,-0.19,-16.99,95
25.5117,20.00,0.00,0.00,-0.19,-16.99,95
25.5207,20.00,0.00,0.00,-0.19,-16.99,95
25.5309,20.00,0.00,0.00,-0.19,-16.99,95
25.5483,20.00,0.00,0.00,-0.19,-16.99,95
25.5582,20.00,0.00,0.00,-0.19,-16.99,95
25.5691,20.00,0.00,0.00,-0.19,-16.99,95
25.6186,20.00,0.00,0.00,-0.19,-16.99,94
25.6284,20.00,0.00,0.00,-0.19,-16.99,94
25.6400,20.00,0.00,0.00,-0.19,-16.99,94
25.6580,20.00,0.00,0.00,-0.19,-16.99,94
25.6674,20.00,0.00,0.00,-0.19,-16.99,94
25.6764,20.00,0.00,0.00,-0.19,-16.99,94
25.6871,20.00,0.00,0.00,-0.19,-16.99,94
25.6967,20.00,0.00,0.00,-0.19,-16.99,94
25.7076,20.00,0.00,0.00,-0.19,-16.99,94
25.7174,20.00,0.00,0.00,-0.19,-16.99,94
25.7254,20.00,0.00,0.00,-0.19,-16.99,94
25.7334,20.00,0.00,0.00,-0.19,-16.99,95
25.7432,20.00,0.00,0.00,-0.19,-16.99,95
25.7527,20.00,0.00,0.00,-0.19,-16.99,95
25.7606,20.00,0.00,0.00,-0.19,-16.99,95
25.7695,20.00,0.00,0.00,-0.19,-16.99,95
25.7807,20.00,0.00,0.00,-0.19,-16.99,95
25.8017,20.00,0.00,0.00,-0.19,-16.99,95
25.8109,20.00,0.00,0.00,-0.19,-16.99,95
25.8284,20.00,0.00,0.00,-0.19,-16.99,94
25.8385,20.00,0.00,0.00,-0.19,-16.99,95
25.8528,20.00,0.00,0.00,-0.19,-16.99,94
25.8678,20.00,0.00,0.00,-0.19,-16.99,94
25.8768,20.00,0.00,0.00,-0.19,-16.99,94
25.8868,20.00,0.00,0.00,-0.19,-16.99,94
25.9045,20.00,0.00,0.00,-0.19,-16.99,94
25.9143,20.00,0.00,0.00,-0.19,-16.99,94
25.9357,20.00,0.00,0.00,-0.19,-16.99,93
25.9447,20.00,0.00,0.00,-0.19,-16.99,94
25.9575,20.00,0.00,0.00,-0.19,-16.99,93
25.9723,20.00,0.00,0.00,-0.19,-16.99,93
25.9826,20.00,0.00,0.00,-0.19,-16.99,93
25.9993,20.00,0.00,0.00,-0.19,-16.99,93
26.0083,20.00,0.00,0.00,-0.19,-16.99,93
26.0182,20.00,0.00,0.00,-0.19,-16.99,93
26.0280,20.00,0.00,0.00,-0.19,-16.99,93
26.0360,20.00,0.00,0.00,-0.19,-16.99,94
26.0451,20.00,0.00,0.00,-0.19,-16.99,94
26.0543,20.00,0.00,0.00,-0.19,-16.99,94
26.0675,20.00,0.00,0.00,-0.19,-16.99,94
26.0772,20.00,0.00,0.00,-0.19,-16.99,94
26.0869,20.00,0.00,0.00,-0.19,-16.99,94
26.0973,20.00,0.00,0.00,-0.19,-16.99,94
26.1969,20.00,0.00,0.00,-0.19,-16.99,93
26.2076,20.00,0.04,-0.02,-0.15,-17.01,93
26.2173,20.00,0.00,0.00,-0.15,-17.01,93
26.2264,20.00,0.00,0.01,-0.15,-17.00,93
26.2376,20.00,0.00,0.03,-0.15,-16.97,93
26.2450,20.00,-0.01,0.02,-0.16,-16.95,94
26.2543,20.00,0.00,0.01,-0.16,-16.94,94
26.2691,20.00,0.02,0.08,-0.14,-16.86,93
26.2794,20.00,0.02,0.11,-0.13,-16.76,94
26.2996,20.00,-0.12,-0.13,-0.25,-16.89,93
26.3137,20.00,-0.04,-0.01,-0.29,-16.89,93
26.3233,20.00,0.00,-0.01,-0.29,-16.90,93
26.3560,20.00,0.35,0.01,0.06,-16.89,92
26.3731,20.00,0.01,0.14,0.08,-16.76,92
26.3924,20.00,0.07,0.04,0.14,-16.72,92
26.4112,20.00,-0.47,0.46,-0.33,-16.26,91
26.4239,20.00,-0.11,0.16,-0.44,-16.10,91
26.4429,20.00,0.16,0.26,-0.28,-15.84,91
26.4537,20.00,0.01,0.25,-0.28,-15.59,91
26.4650,20.00,-0.10,0.35,-0.38,-15.25,91
26.4807,20.00,-0.27,0.51,-0.65,-14.74,90
26.4907,20.00,-0.30,0.33,-0.96,-14.41,90
26.5016,20.00,-0.16,0.33,-1.12,-14.08,90
26.5104,20.00,-0.17,0.45,-1.29,-13.63,91
26.5190,20.00,-0.12,0.33,-1.42,-13.30,91
26.5303,20.00,-0.10,0.23,-1.52,-13.07,91
26.5408,20.00,-0.08,0.21,-1.60,-12.86,91
26.5488,20.00,-0.07,0.19,-1.66,-12.67,91
26.5585,20.00,-0.09,0.23,-1.75,-12.44,91
26.5725,20.00,-0.09,0.26,-1.84,-12.18,91
26.5811,20.00,-0.15,0.31,-1.99,-11.87,91
26.5902,20.00,-0.11,0.19,-2.10,-11.68,92
26.6010,20.00,-0.09,0.13,-2.19,-11.55,92
26.6110,20.00,-0.09,0.14,-2.28,-11.41,92
26.6206,20.00,-0.04,0.10,-2.33,-11.31,92
26.6328,20.00,-0.02,0.08,-2.34,-11.22,92
26.6433,20.00,0.00,0.06,-2.34,-11.16,92
26.6546,20.00,0.03,0.06,-2.31,-11.10,92
26.6634,20.00,0.04,0.03,-2.27,-11.07,92
26.6741,20.00,0.03,0.02,-2.24,-11.05,92
26.6855,20.00,0.04,0.01,-2.20,-11.04,92
26.6955,20.00,0.07,0.03,-2.13,-11.01,92
26.7037,20.00,0.03,0.02,-2.11,-10.99,92
26.7129,20.00,0.00,0.02,-2.11,-10.97,92
26.7224,20.00,0.00,0.00,-2.11,-10.97,93
26.7387,20.00,0.00,-0.01,-2.11,-10.98,92
26.7471,20.00,0.00,-0.01,-2.11,-10.99,92
26.8223,20.00,0.01,0.00,-2.10,-10.99,92
26.8328,20.00,0.19,0.03,-1.91,-10.95,92
26.8428,20.00,0.06,0.00,-1.85,-10.95,92
26.9173,20.00,0.05,0.01,-1.81,-10.95,91
26.9270,20.00,0.07,0.01,-1.73,-10.93,91
26.9368,20.00,0.00,0.01,-1.73,-10.92,91
27.0107,20.00,0.00,0.01,-1.73,-10.91,90
27.0190,20.00,0.00,0.01,-1.73,-10.90,91
27.0899,20.00,0.00,0.00,-1.73,-10.90,90
27.0995,20.00,0.00,0.00,-1.73,-10.90,90
27.1192,20.00,0.00,0.00,-1.73,-10.90,90
27.1281,20.00,0.00,0.00,-1.73,-10.90,90
27.1385,20.00,0.00,0.00,-1.73,-10.90,90
27.1600,20.00,0.00,0.00,-1.73,-10.90,90
27.1689,20.00,0.00,0.00,-1.73,-10.90,90
27.1830,20.00,0.00,0.00,-1.73,-10.90,90
27.2008,20.00,0.00,0.00,-1.73,-10.90,89
27.2233,20.00,0.00,0.00,-1.73,-10.90,89
27.2353,20.00,0.00,0.00,-1.73,-10.90,89
27.2438,20.00,0.00,0.00,-1.73,-10.90,89
27.2532,20.00,0.00,0.00,-1.73,-10.90,89
27.2648,20.00,0.00,0.00,-1.73,-10.90,89
27.2765,20.00,0.00,0.00,-1.73,-10.90,89
27.2858,20.00,0.00,0.00,-1.73,-10.90,89
27.2938,20.00,0.00,0.00,-1.73,-10.90,90
27.3030,20.00,0.00,0.00,-1.73,-10.90,90
27.3296,20.00,0.00,0.00,-1.73,-10.90,89
27.3452,20.00,0.00,0.00,-1.73,-10.90,89
27.3549,20.00,0.00,0.00,-1.73,-10.90,89
27.3651,20.00,0.00,0.00,-1.73,-10.90,89
27.3745,20.00,0.00,0.00,-1.73,-10.90,89
27.3931,20.00,0.00,0.00,-1.73,-10.90,89
27.4109,20.00,0.00,0.00,-1.73,-10.90,89
27.4349,20.00,0.00,0.00,-1.73,-10.90,88
27.5495,20.00,0.00,0.00,-1.73,-10.90,87
27.5582,20.00,0.00,0.00,-1.73,-10.90,88
27.5688,20.00,0.00,0.00,-1.73,-10.90,88
27.6019,20.00,0.00,0.00,-1.73,-10.90,87
27.6102,20.00,0.00,0.00,-1.73,-10.90,88
27.6186,20.00,0.00,0.00,-1.73,-10.90,88
27.6276,20.00,0.00,0.00,-1.73,-10.90,88
27.6490,20.00,0.00,0.00,-1.73,-10.90,88
27.6571,20.00,0.00,0.00,-1.73,-10.90,88
27.6690,20.00,0.00,0.00,-1.73,-10.90,88
27.6850,20.00,0.00,0.00,-1.73,-10.90,88
27.6949,20.00,0.00,0.00,-1.73,-10.90,88
27.7064,20.00,0.00,0.00,-1.73,-10.90,88
27.7182,20.00,0.00,0.00,-1.73,-10.90,88
27.7298,20.00,0.00,0.00,-1.73,-10.90,88
27.7375,20.00,0.00,0.00,-1.73,-10.90,88
27.7468,20.00,0.00,0.00,-1.73,-10.90,88
27.7577,20.00,0.00,0.00,-1.73,-10.90,88
27.7661,20.00,0.00,0.00,-1.73,-10.90,89
27.7742,20.00,0.00,0.00,-1.73,-10.90,89
27.7835,20.00,0.00,0.00,-1.73,-10.90,89
27.7984,20.00,0.00,0.00,-1.73,-10.90,89
27.8090,20.00,0.00,0.00,-1.73,-10.90,89
27.8627,20.00,0.00,0.00,-1.73,-10.90,88
27.9377,20.00,0.00,0.00,-1.73,-10.90,88
27.9460,20.00,0.00,0.00,-1.73,-10.90,88
27.9560,20.00,0.00,0.00,-1.73,-10.90,88
27.9763,20.00,0.00,0.00,-1.73,-10.90,88
27.9858,20.00,0.00,0.00,-1.73,-10.90,88
28.0043,20.00,0.00,0.00,-1.73,-10.90,87
28.0152,20.00,0.00,0.00,-1.73,-10.90,87
28.0341,20.00,0.00,0.00,-1.73,-10.90,87
28.0441,20.00,0.00,0.00,-1.73,-10.90,87
28.1751,20.00,0.00,0.00,-1.73,-10.90,86
28.1828,20.00,0.00,0.00,-1.73,-10.90,87
28.1965,20.00,0.00,0.00,-1.73,-10.90,87
28.2075,20.00,0.00,0.00,-1.73,-10.90,87
28.2156,20.00,0.00,0.00,-1.73,-10.90,87
28.2247,20.00,0.00,0.00,-1.73,-10.90,87
28.2357,20.00,0.00,0.00,-1.73,-10.90,87
28.2457,20.00,0.00,0.00,-1.73,-10.90,88
28.2635,20.00,0.00,0.00,-1.73,-10.90,87
28.2819,20.00,0.00,0.00,-1.73,-10.90,87
28.2977,20.00,0.00,0.00,-1.73,-10.90,87
28.3082,20.00,0.00,0.00,-1.73,-10.90,87
28.3274,20.00,0.00,0.00,-1.73,-10.90,86
28.3388,20.00,0.00,0.00,-1.73,-10.90,86
28.3550,20.00,0.00,0.00,-1.73,-10.90,86
28.3645,20.00,0.00,0.00,-1.73,-10.90,86
28.3737,20.00,0.00,0.00,-1.73,-10.90,87
28.3855,20.00,0.00,0.00,-1.73,-10.90,87
28.3980,20.00,0.00,0.00,-1.73,-10.90,86
28.4069,20.00,0.00,0.00,-1.73,-10.90,87
28.4195,20.00,0.00,0.00,-1.73,-10.90,87
28.4420,20.00,0.00,0.00,-1.73,-10.90,86
28.4630,20.00,0.00,0.00,-1.73,-10.90,86
28.4724,20.00,0.00,0.00,-1.73,-10.90,86
28.4816,20.00,0.00,0.00,-1.73,-10.90,86
28.4910,20.00,0.00,0.00,-1.73,-10.90,86
28.5004,20.00,0.00,0.00,-1.73,-10.90,87
28.5111,20.00,0.00,0.00,-1.73,-10.90,87
28.5210,20.00,0.00,0.00,-1.73,-10.90,87
28.5338,20.00,0.00,0.00,-1.73,-10.90,87
28.5660,20.00,0.00,0.00,-1.73,-10.90,86
28.5739,20.00,0.00,0.00,-1.73,-10.90,87
28.5814,20.00,0.00,0.00,-1.73,-10.90,87
28.5915,20.00,0.00,0.00,-1.73,-10.90,87
28.6394,20.00,0.00,0.00,-1.73,-10.90,86
28.7837,20.00,0.00,0.00,-1.73,-10.90,86
28.7914,20.00,0.00,0.00,-1.73,-10.90,86
28.8003,20.00,0.00,0.00,-1.73,-10.90,86
28.8179,20.00,0.00,0.00,-1.73,-10.90,86
28.8287,20.00,0.00,0.00,-1.73,-10.90,86
28.8388,20.00,0.00,0.00,-1.73,-10.90,86
28.8534,20.00,0.00,0.00,-1.73,-10.90,86
28.8620,20.00,0.00,0.00,-1.73,-10.90,86
28.8760,20.00,0.00,0.00,-1.73,-10.90,86
28.8867,20.00,0.00,0.00,-1.73,-10.90,86
28.8970,20.00,0.00,0.00,-1.73,-10.90,86
28.9086,20.00,0.00,0.00,-1.73,-10.90,86
28.9183,20.00,0.00,0.00,-1.73,-10.90,87
28.9257,20.00,0.00,0.00,-1.73,-10.90,87
28.9442,20.00,0.00,0.00,-1.73,-10.90,87
28.9565,20.00,0.00,0.00,-1.73,-10.90,87
28.9699,20.00,0.00,0.00,-1.73,-10.90,87
28.9906,20.00,0.00,0.00,-1.73,-10.90,86
29.0020,20.00,0.00,0.00,-1.73,-10.90,86
29.0127,20.00,0.00,0.00,-1.73,-10.90,86
29.0226,20.00,0.00,0.00,-1.73,-10.90,86
29.0340,20.00,0.00,0.00,-1.73,-10.90,86
29.0449,20.00,0.00,0.00,-1.73,-10.90,86
29.0591,20.00,0.00,0.00,-1.73,-10.90,86
29.0711,20.00,0.00,0.00,-1.73,-10.90,86
29.0884,20.00,0.00,0.00,-1.73,-10.90,86
29.2267,20.00,0.00,0.00,-1.73,-10.90,85
29.2343,20.00,0.00,0.00,-1.73,-10.90,86
29.2440,20.00,0.00,0.00,-1.73,-10.90,86
29.2562,20.00,0.00,0.00,-1.73,-10.90,86
29.2729,20.00,0.00,0.00,-1.73,-10.90,85
29.2876,20.00,0.00,0.00,-1.73,-10.90,85
29.3051,20.00,0.00,0.00,-1.73,-10.90,85
29.3145,20.00,0.00,0.00,-1.73,-10.90,85
29.3308,20.00,0.00,0.00,-1.73,-10.90,85
29.3497,20.00,0.00,0.00,-1.73,-10.90,85
29.3586,20.00,0.00,0.00,-1.73,-10.90,85
29.3679,20.00,0.00,0.00,-1.73,-10.90,85
29.3781,20.00,0.00,0.00,-1.73,-10.90,85
29.3878,20.00,0.00,0.00,-1.73,-10.90,85
29.3971,20.00,0.00,0.00,-1.73,-10.90,86
29.4051,20.00,0.00,0.00,-1.73,-10.90,86
29.4151,20.00,0.00,0.00,-1.73,-10.90,86
29.4260,20.00,0.00,0.00,-1.73,-10.90,86
29.4360,20.00,0.00,0.00,-1.73,-10.90,86
29.4551,20.00,0.00,0.00,-1.73,-10.90,86
29.4645,20.00,0.00,0.00,-1.73,-10.90,86
29.4770,20.00,0.00,0.00,-1.73,-10.90,86
29.4861,20.00,0.00,0.00,-1.73,-10.90,86
29.4964,20.00,0.00,0.00,-1.73,-10.90,86
29.5056,20.00,0.00,0.00,-1.73,-10.90,87
29.5167,20.00,0.00,0.00,-1.73,-10.90,87
29.5272,20.00,0.00,0.00,-1.73,-10.90,87
29.5394,20.00,0.00,0.00,-1.73,-10.90,87
29.5472,20.00,0.00,0.00,-1.73,-10.90,87
29.5581,20.00,0.00,0.00,-1.73,-10.90,87
29.5701,20.00,0.00,0.00,-1.73,-10.90,87
29.5838,20.00,0.00,0.00,-1.73,-10.90,87
29.5984,20.00,0.00,0.00,-1.73,-10.90,87
29.6084,20.00,0.00,0.00,-1.73,-10.90,87
29.6176,20.00,0.00,0.00,-1.73,-10.90,87
29.6273,20.00,0.00,0.00,-1.73,-10.90,87
29.6362,20.00,0.00,0.00,-1.73,-10.90,88
29.6462,20.00,0.00,0.00,-1.73,-10.90,88
29.6574,20.00,0.00,0.00,-1.73,-10.90,88
29.6658,20.00,0.00,0.00,-1.73,-10.90,88
29.6760,20.00,0.00,0.00,-1.73,-10.90,88
29.6879,20.00,0.00,0.00,-1.73,-10.90,88
29.8060,20.00,0.00,0.00,-1.73,-10.90,87
29.8150,20.00,0.00,0.00,-1.73,-10.90,87
29.8277,20.00,0.00,0.00,-1.73,-10.90,87
29.8457,20.00,0.00,0.00,-1.73,-10.90,87
29.8566,20.00,0.00,0.00,-1.73,-10.90,87
29.8679,20.00,0.00,0.00,-1.73,-10.90,87
29.8937,20.00,0.00,0.00,-1.73,-10.90,87
29.9020,20.00,0.00,0.00,-1.73,-10.90,87
29.9102,20.00,0.00,0.00,-1.73,-10.90,87
29.9194,20.00,0.00,0.00,-1.73,-10.90,88
29.9386,20.00,0.00,0.00,-1.73,-10.90,87
